{
"results" : [

  {
    "objectId": "hl8iyxzgRi",
    "email": "pedro@quizroyale.es",
    "createdAt": "2021-04-07T16:20:36.344Z",
    "updatedAt": "2021-04-07T16:21:10.401Z",
    "password": "123456",
    "nickname": "Pedrin",
    "picture": {
      "__type": "File",
      "name": "a837f582dbf10f1f3bf5b8c54c55ff58_450_1000.jpg",
      "url": "https://parsefiles.back4app.com/iUK8d7l3m0kCeFWjQsijVwTy0SRV8nYNlB2P7b2S/a837f582dbf10f1f3bf5b8c54c55ff58_450_1000.jpg"
    }
  },
  {
    "objectId": "2TkXrfY48H",
    "email": "hey@quizroyale.com",
    "password": "123456",
    "nickname": "Prueba",
    "createdAt": "2021-04-07T16:43:55.540Z",
    "updatedAt": "2021-05-19T10:52:25.707Z"
  },
  {
    "objectId": "QzPBqcOYVE",
    "email": "pedrin@quizroyale.com",
    "password": "123456",
    "nickname": "Pedrin",
    "createdAt": "2021-04-21T10:46:19.815Z",
    "updatedAt": "2021-05-19T10:59:49.138Z"
  },
  {
    "objectId": "djs7wPAHs0",
    "email": "a@gmail.com",
    "password": "123456",
    "nickname": "aa",
    "createdAt": "2021-04-24T11:52:55.216Z",
    "updatedAt": "2021-05-19T10:49:23.147Z"
  },
  {
    "objectId": "csD5HXB1gr",
    "email": "maquina@quizroyale.com",
    "password": "123456",
    "nickname": "maquina",
    "createdAt": "2021-05-12T16:09:38.493Z",
    "updatedAt": "2021-05-12T16:09:38.493Z"
  },
  {
    "objectId": "6X2mwTcAIi",
    "email": "modalregistroredirect@quizroyale.com",
    "password": "123456",
    "nickname": "modalReRedirect",
    "createdAt": "2021-05-19T11:32:53.695Z",
    "updatedAt": "2021-05-19T11:32:53.695Z"
  },
  {
    "objectId": "b6LXe4frzL",
    "email": "pruebayoquese@gmail.com",
    "password": "123456",
    "nickname": "pruebayoquese",
    "createdAt": "2021-05-19T11:35:37.602Z",
    "updatedAt": "2021-05-19T11:35:37.602Z"
  },
  {
    "objectId": "zSZFBlB3Hk",
    "email": "chooooo@gmail.com",
    "password": "123456",
    "nickname": "chooooooooooooo",
    "createdAt": "2021-05-19T11:37:18.579Z",
    "updatedAt": "2021-05-19T11:37:18.579Z"
  },
  {
    "objectId": "z8XhpRUJeH",
    "email": "lkdshfiauef@gmail.com",
    "password": "123456",
    "nickname": "cejkhlfajdhfl",
    "createdAt": "2021-05-19T11:38:52.989Z",
    "updatedAt": "2021-05-19T11:38:52.989Z"
  },
  {
    "objectId": "F32QHxzCZ7",
    "email": "dkfjhadljkf@hotmail.es",
    "password": "123456",
    "nickname": "cdfadfalhdfkj",
    "createdAt": "2021-05-19T14:48:12.487Z",
    "updatedAt": "2021-05-19T14:48:12.487Z"
  }
]
}