{
"results" : [

  {
    "objectId": "608d43f1bc37ca7ac027bb0c",
    "owningId": "59kNPCzBib",
    "relatedId": "N5isvjtrRA"
  },
  {
    "objectId": "608d43f6bc37ca7ac027bd19",
    "owningId": "30aFvaHGgl",
    "relatedId": "N5isvjtrRA"
  },
  {
    "objectId": "608d43fbbc37ca7ac027bf17",
    "owningId": "Ld9NLV1mH2",
    "relatedId": "N5isvjtrRA"
  },
  {
    "objectId": "608e8ef1bc37ca7ac0cc0105",
    "owningId": "fVsGCpg3Bn",
    "relatedId": "XoIR5P9ZLt"
  },
  {
    "objectId": "608e8ef5bc37ca7ac0cc02b4",
    "owningId": "8S65QZGEgL",
    "relatedId": "XoIR5P9ZLt"
  },
  {
    "objectId": "608e8ef9bc37ca7ac0cc048e",
    "owningId": "et6Q4PV2to",
    "relatedId": "XoIR5P9ZLt"
  },
  {
    "objectId": "60a4ccbed1d94e69862e0e02",
    "owningId": "ZzsjBzYIUh",
    "relatedId": "sHSvdSK0Zt"
  },
  {
    "objectId": "60a4ce8fd1d94e69862ee2fe",
    "owningId": "7bb1pgHTuS",
    "relatedId": "UaTBsBmBsi"
  },
  {
    "objectId": "60a4ce99d1d94e69862ee837",
    "owningId": "fSMyZIyVjy",
    "relatedId": "UaTBsBmBsi"
  },
  {
    "objectId": "60a4cea2d1d94e69862eecb2",
    "owningId": "Wc8udx7tI2",
    "relatedId": "UaTBsBmBsi"
  },
  {
    "objectId": "60a4cf01d1d94e69862f1cad",
    "owningId": "o7kGcjYK0E",
    "relatedId": "eXMseeh06r"
  },
  {
    "objectId": "60a4cf17d1d94e69862f2618",
    "owningId": "Lk8AWZ1d02",
    "relatedId": "eXMseeh06r"
  },
  {
    "objectId": "60a4cf27d1d94e69862f2d4e",
    "owningId": "p0cqjfWpd0",
    "relatedId": "eXMseeh06r"
  },
  {
    "objectId": "60a4cf96d1d94e69862f5e5f",
    "owningId": "rpPCp1YADE",
    "relatedId": "coqkBjyOOu"
  },
  {
    "objectId": "60a4cfbad1d94e69862f6aef",
    "owningId": "ZnGWDN9C2b",
    "relatedId": "2C5IVvhFiG"
  },
  {
    "objectId": "60a4cfc6d1d94e69862f6e9e",
    "owningId": "SBmVTBE6IC",
    "relatedId": "coqkBjyOOu"
  },
  {
    "objectId": "60a4cfd7d1d94e69862f7978",
    "owningId": "l2dsXNwpU9",
    "relatedId": "frTdw3CvlI"
  },
  {
    "objectId": "60a4cfe8d1d94e69862f8066",
    "owningId": "8LII9t42MQ",
    "relatedId": "coqkBjyOOu"
  },
  {
    "objectId": "60a4cfefd1d94e69862f82a6",
    "owningId": "tYu782OEOw",
    "relatedId": "2C5IVvhFiG"
  },
  {
    "objectId": "60a4cff3d1d94e69862f8402",
    "owningId": "hMhYjNX5my",
    "relatedId": "frTdw3CvlI"
  },
  {
    "objectId": "60a4d007d1d94e69862f8b70",
    "owningId": "4OVGEf1I7C",
    "relatedId": "2C5IVvhFiG"
  },
  {
    "objectId": "60a4d00cd1d94e69862f8e4c",
    "owningId": "VDr93v9sIB",
    "relatedId": "frTdw3CvlI"
  },
  {
    "objectId": "60a4d051d1d94e69862fab9d",
    "owningId": "JuabLFbPk2",
    "relatedId": "dH6JlNUCI9"
  },
  {
    "objectId": "60a4d074d1d94e69862fbdac",
    "owningId": "cznFgcpMlK",
    "relatedId": "dH6JlNUCI9"
  },
  {
    "objectId": "60a4d088d1d94e69862fcc03",
    "owningId": "RzwS3BdopD",
    "relatedId": "dH6JlNUCI9"
  },
  {
    "objectId": "60a4d0a3d1d94e69862fd9b0",
    "owningId": "mzkDGksmDr",
    "relatedId": "biMh2uMFOR"
  },
  {
    "objectId": "60a4d0bbd1d94e69862fe58e",
    "owningId": "PFZdBkh2AU",
    "relatedId": "VgkuaIt9K2"
  },
  {
    "objectId": "60a4d0c5d1d94e69862fecba",
    "owningId": "CL7waFY4Tw",
    "relatedId": "biMh2uMFOR"
  },
  {
    "objectId": "60a4d0dcd1d94e6986311a73",
    "owningId": "GVrdH2rloA",
    "relatedId": "VgkuaIt9K2"
  },
  {
    "objectId": "60a4d0f9d1d94e6986312b24",
    "owningId": "MtvdQhMyff",
    "relatedId": "VgkuaIt9K2"
  },
  {
    "objectId": "60a4d104d1d94e6986313621",
    "owningId": "xUaUNuEKrv",
    "relatedId": "MLG9uOv6Mj"
  },
  {
    "objectId": "60a4d121d1d94e69863149ab",
    "owningId": "5Lqr8pRHmA",
    "relatedId": "biMh2uMFOR"
  },
  {
    "objectId": "60a4d125d1d94e6986314cbc",
    "owningId": "AJAwdJb4LF",
    "relatedId": "MLG9uOv6Mj"
  },
  {
    "objectId": "60a4d144d1d94e6986316293",
    "owningId": "MkMQgvTOje",
    "relatedId": "MLG9uOv6Mj"
  },
  {
    "objectId": "60a4d192d1d94e6986319b57",
    "owningId": "FAFzeoWxHD",
    "relatedId": "H1S5ATuPp0"
  },
  {
    "objectId": "60a4d193d1d94e6986319c16",
    "owningId": "G2rnFj6qJE",
    "relatedId": "RZHlX2aBJf"
  },
  {
    "objectId": "60a4d1b2d1d94e698631b3b6",
    "owningId": "sGWuMXUhXv",
    "relatedId": "H1S5ATuPp0"
  },
  {
    "objectId": "60a4d1c3d1d94e698631c084",
    "owningId": "FepicGnKhd",
    "relatedId": "Z071snckNp"
  },
  {
    "objectId": "60a4d1c6d1d94e698631c370",
    "owningId": "s4Es9tUbMp",
    "relatedId": "RZHlX2aBJf"
  },
  {
    "objectId": "60a4d1e4d1d94e698631daa2",
    "owningId": "mm1Sp7eIWG",
    "relatedId": "H1S5ATuPp0"
  },
  {
    "objectId": "60a4d1e7d1d94e698631dc8a",
    "owningId": "MEmPP2uaGW",
    "relatedId": "Z071snckNp"
  },
  {
    "objectId": "60a4d208d1d94e698631f338",
    "owningId": "mpCGadHZWB",
    "relatedId": "RZHlX2aBJf"
  },
  {
    "objectId": "60a4d24cd1d94e69863228ff",
    "owningId": "ikP3o6b4ws",
    "relatedId": "NqPAScMczy"
  },
  {
    "objectId": "60a4d265d1d94e6986323c71",
    "owningId": "Ko8gR3u43F",
    "relatedId": "Z071snckNp"
  },
  {
    "objectId": "60a4d275d1d94e6986324812",
    "owningId": "TrG1EP9BDc",
    "relatedId": "NqPAScMczy"
  },
  {
    "objectId": "60a4d293d1d94e6986325b60",
    "owningId": "zygwjbNFEH",
    "relatedId": "NqPAScMczy"
  },
  {
    "objectId": "60a4d2cfd1d94e69863282ed",
    "owningId": "sweOxngx9Z",
    "relatedId": "2SHEgNmTIM"
  },
  {
    "objectId": "60a4d2d5d1d94e69863287b8",
    "owningId": "WbpY51jZUr",
    "relatedId": "1ayAWCjB0x"
  },
  {
    "objectId": "60a4d2f4d1d94e6986329cb7",
    "owningId": "JLDGF7SBtU",
    "relatedId": "1ayAWCjB0x"
  },
  {
    "objectId": "60a4d2fcd1d94e698632a188",
    "owningId": "rBHRrh4TGH",
    "relatedId": "2SHEgNmTIM"
  },
  {
    "objectId": "60a4d310d1d94e698632adf0",
    "owningId": "youkx0zEOz",
    "relatedId": "1ayAWCjB0x"
  },
  {
    "objectId": "60a4d312d1d94e698632af0f",
    "owningId": "9iHUed3P0M",
    "relatedId": "2SHEgNmTIM"
  },
  {
    "objectId": "60a4d316d1d94e698632b2ca",
    "owningId": "yO2jsSrdDE",
    "relatedId": "ULTuEdlFtc"
  },
  {
    "objectId": "60a4d325d1d94e698632bada",
    "owningId": "3cwvYw2AUa",
    "relatedId": "ULTuEdlFtc"
  },
  {
    "objectId": "60a4d333d1d94e698632c1a8",
    "owningId": "sqVav0gSj6",
    "relatedId": "ULTuEdlFtc"
  },
  {
    "objectId": "60a4d399d1d94e698632f367",
    "owningId": "EntNtz8cAT",
    "relatedId": "IcerkNZy8N"
  },
  {
    "objectId": "60a4d3a7d1d94e698632fed9",
    "owningId": "LUABFN3EEA",
    "relatedId": "PbOyhJHng6"
  },
  {
    "objectId": "60a4d3b2d1d94e6986330469",
    "owningId": "sTwql1VoaP",
    "relatedId": "IcerkNZy8N"
  },
  {
    "objectId": "60a4d3b9d1d94e6986330b18",
    "owningId": "nD1g9cOaEs",
    "relatedId": "PbOyhJHng6"
  },
  {
    "objectId": "60a4d3ced1d94e69863314c0",
    "owningId": "5kHXLZq8HU",
    "relatedId": "PbOyhJHng6"
  },
  {
    "objectId": "60a4d3e2d1d94e6986331ef9",
    "owningId": "jZAAErxmG8",
    "relatedId": "IcerkNZy8N"
  },
  {
    "objectId": "60a4d3e7d1d94e69863320fa",
    "owningId": "Bp8A0R5GG0",
    "relatedId": "eXI4k8sn9C"
  },
  {
    "objectId": "60a4d400d1d94e6986332d54",
    "owningId": "qNMJ7HlzMg",
    "relatedId": "eXI4k8sn9C"
  },
  {
    "objectId": "60a4d419d1d94e6986334028",
    "owningId": "A791THPyWI",
    "relatedId": "KOkcQ7y8Id"
  },
  {
    "objectId": "60a4d42cd1d94e6986334e62",
    "owningId": "Kao7dTH5Ry",
    "relatedId": "KOkcQ7y8Id"
  },
  {
    "objectId": "60a4d430d1d94e6986335112",
    "owningId": "Ho5FEgIFf9",
    "relatedId": "eXI4k8sn9C"
  },
  {
    "objectId": "60a4d460d1d94e6986336ee5",
    "owningId": "YiIeUatdhY",
    "relatedId": "KOkcQ7y8Id"
  },
  {
    "objectId": "60a4d4bdd1d94e698633a529",
    "owningId": "nz2Nf5W4q6",
    "relatedId": "Ocib2tseTx"
  },
  {
    "objectId": "60a4d4c5d1d94e698633a869",
    "owningId": "MkcWYdwIK1",
    "relatedId": "DHxHgwIfz4"
  },
  {
    "objectId": "60a4d4d1d1d94e698633ae34",
    "owningId": "bytplLxoTQ",
    "relatedId": "QDQ3x5Yy0z"
  },
  {
    "objectId": "60a4d4d6d1d94e698633b112",
    "owningId": "E18zqorohn",
    "relatedId": "Ocib2tseTx"
  },
  {
    "objectId": "60a4d4dfd1d94e698633b517",
    "owningId": "FgBae1v5VV",
    "relatedId": "DHxHgwIfz4"
  },
  {
    "objectId": "60a4d4e4d1d94e698633b7d4",
    "owningId": "TmqafAP7NI",
    "relatedId": "QDQ3x5Yy0z"
  },
  {
    "objectId": "60a4d4f0d1d94e698633bd30",
    "owningId": "bU7Q0ELmoT",
    "relatedId": "Ocib2tseTx"
  },
  {
    "objectId": "60a4d4f9d1d94e698633c188",
    "owningId": "cQAbAWxZ2E",
    "relatedId": "QDQ3x5Yy0z"
  },
  {
    "objectId": "60a4d4fed1d94e698633c39e",
    "owningId": "uaJ22BC9xw",
    "relatedId": "DHxHgwIfz4"
  },
  {
    "objectId": "60a4d550d1d94e698633ee03",
    "owningId": "oxFvZrLMUB",
    "relatedId": "kBkSXJGDKH"
  },
  {
    "objectId": "60a4d554d1d94e698633efdc",
    "owningId": "PtjfJNCkbF",
    "relatedId": "mxRrGhkSwJ"
  },
  {
    "objectId": "60a4d563d1d94e698633f89c",
    "owningId": "D2Di7sVRRz",
    "relatedId": "b2EbnRgHdJ"
  },
  {
    "objectId": "60a4d564d1d94e698633f8c3",
    "owningId": "5OWRcdjnKl",
    "relatedId": "mxRrGhkSwJ"
  },
  {
    "objectId": "60a4d567d1d94e698633fb11",
    "owningId": "QDOTticUZv",
    "relatedId": "kBkSXJGDKH"
  },
  {
    "objectId": "60a4d577d1d94e69863405a8",
    "owningId": "62Eq0defRa",
    "relatedId": "b2EbnRgHdJ"
  },
  {
    "objectId": "60a4d582d1d94e6986340cc7",
    "owningId": "G3cCeEKpDs",
    "relatedId": "kBkSXJGDKH"
  },
  {
    "objectId": "60a4d587d1d94e6986341097",
    "owningId": "sfGBluoB9E",
    "relatedId": "mxRrGhkSwJ"
  },
  {
    "objectId": "60a4d5a7d1d94e698634206d",
    "owningId": "PQwxy6MSMy",
    "relatedId": "b2EbnRgHdJ"
  },
  {
    "objectId": "60a4d5e3d1d94e69863441cc",
    "owningId": "YYEqnUfFtL",
    "relatedId": "hadSa7xCqb"
  },
  {
    "objectId": "60a4d603d1d94e69863453c5",
    "owningId": "GAfUOvxBwu",
    "relatedId": "DnerulKQXU"
  },
  {
    "objectId": "60a4d603d1d94e698634540e",
    "owningId": "3yiwdxorKP",
    "relatedId": "hadSa7xCqb"
  },
  {
    "objectId": "60a4d610d1d94e6986345ca4",
    "owningId": "1DY4utG0PI",
    "relatedId": "NAqFvFGoFo"
  },
  {
    "objectId": "60a4d61cd1d94e69863462be",
    "owningId": "4yWkULOMa4",
    "relatedId": "hadSa7xCqb"
  },
  {
    "objectId": "60a4d61dd1d94e69863462ee",
    "owningId": "jkWWFiLE9j",
    "relatedId": "DnerulKQXU"
  },
  {
    "objectId": "60a4d62dd1d94e6986346b89",
    "owningId": "fGGGa2keuS",
    "relatedId": "NAqFvFGoFo"
  },
  {
    "objectId": "60a4d632d1d94e6986346ddf",
    "owningId": "VfyBqBHVpH",
    "relatedId": "DnerulKQXU"
  },
  {
    "objectId": "60a4d653d1d94e6986347e98",
    "owningId": "0ieU71rXmw",
    "relatedId": "NAqFvFGoFo"
  },
  {
    "objectId": "60a4d6afd1d94e698634afb9",
    "owningId": "9GQ8MzxYw1",
    "relatedId": "GzQk7YjUKZ"
  },
  {
    "objectId": "60a4d6c4d1d94e698634bc66",
    "owningId": "M8JwfLJk3E",
    "relatedId": "GzQk7YjUKZ"
  },
  {
    "objectId": "60a4d6c7d1d94e698634be3f",
    "owningId": "JHRrLz1IIH",
    "relatedId": "q8JV0828we"
  },
  {
    "objectId": "60a4d6dbd1d94e698634ccf6",
    "owningId": "vXpMLW9dEg",
    "relatedId": "GzQk7YjUKZ"
  },
  {
    "objectId": "60a4d6ead1d94e698634d7d8",
    "owningId": "XF0yCVaGlm",
    "relatedId": "q8JV0828we"
  },
  {
    "objectId": "60a4d6f2d1d94e698634dcf6",
    "owningId": "fGy1oeNB6S",
    "relatedId": "GQ4579cYEi"
  },
  {
    "objectId": "60a4d70dd1d94e698634edd4",
    "owningId": "r9WDFSxHyc",
    "relatedId": "GQ4579cYEi"
  },
  {
    "objectId": "60a4d70fd1d94e698634eee4",
    "owningId": "yOXLECGlzN",
    "relatedId": "q8JV0828we"
  },
  {
    "objectId": "60a4d721d1d94e698634fc7a",
    "owningId": "uAZ5yJ4BSG",
    "relatedId": "GQ4579cYEi"
  },
  {
    "objectId": "60a4d74bd1d94e69863514ad",
    "owningId": "OKxTB23L8K",
    "relatedId": "zY5MGQeRye"
  },
  {
    "objectId": "60a4d760d1d94e6986352306",
    "owningId": "xZiI6C8IT0",
    "relatedId": "zY5MGQeRye"
  },
  {
    "objectId": "60a4d765d1d94e6986352757",
    "owningId": "JCx2WBnjfp",
    "relatedId": "yHL5TIddyN"
  },
  {
    "objectId": "60a4d77cd1d94e69863534f5",
    "owningId": "9EVIdSwH5o",
    "relatedId": "zY5MGQeRye"
  },
  {
    "objectId": "60a4d783d1d94e69863538b7",
    "owningId": "aAUbqQhqZA",
    "relatedId": "yHL5TIddyN"
  },
  {
    "objectId": "60a4d79bd1d94e6986354765",
    "owningId": "8YgkjMXsEF",
    "relatedId": "yHL5TIddyN"
  },
  {
    "objectId": "60a4d7a2d1d94e6986354b67",
    "owningId": "1o1UJkACFc",
    "relatedId": "MOGSnrRpsE"
  },
  {
    "objectId": "60a4d7bad1d94e6986355a50",
    "owningId": "PafadltfkR",
    "relatedId": "MOGSnrRpsE"
  },
  {
    "objectId": "60a4d7cdd1d94e6986356731",
    "owningId": "fZf2qhLsCX",
    "relatedId": "MOGSnrRpsE"
  },
  {
    "objectId": "60a4d7dad1d94e6986356dca",
    "owningId": "0V3nll19Ay",
    "relatedId": "JOqpERcpTM"
  },
  {
    "objectId": "60a4d7e1d1d94e6986357256",
    "owningId": "cq2ysur5QN",
    "relatedId": "PVkRuoKTih"
  },
  {
    "objectId": "60a4d7efd1d94e69863578a5",
    "owningId": "0vfYBbxXnN",
    "relatedId": "PVkRuoKTih"
  },
  {
    "objectId": "60a4d7f3d1d94e6986357ab1",
    "owningId": "sIhgi8WU7q",
    "relatedId": "JOqpERcpTM"
  },
  {
    "objectId": "60a4d81dd1d94e69863597aa",
    "owningId": "3SMo0EpIC3",
    "relatedId": "PVkRuoKTih"
  },
  {
    "objectId": "60a4d83bd1d94e698635a891",
    "owningId": "mTgGxbiIQq",
    "relatedId": "JOqpERcpTM"
  },
  {
    "objectId": "60a4d862d1d94e698635bd2d",
    "owningId": "YoGFcrSvhL",
    "relatedId": "7vp9m3RgZX"
  },
  {
    "objectId": "60a4d870d1d94e698635c468",
    "owningId": "vX3FDscDjr",
    "relatedId": "7vp9m3RgZX"
  },
  {
    "objectId": "60a4d87bd1d94e698635cbf4",
    "owningId": "GXZQvBujXs",
    "relatedId": "7vp9m3RgZX"
  },
  {
    "objectId": "60a4d89bd1d94e698635dde8",
    "owningId": "3nkNhJnh5G",
    "relatedId": "DvTPJCQ5UK"
  },
  {
    "objectId": "60a4d8c0d1d94e698635f51d",
    "owningId": "ZMSIwVfwIW",
    "relatedId": "DvTPJCQ5UK"
  },
  {
    "objectId": "60a4d8d8d1d94e6986360511",
    "owningId": "mm1iyp8ckI",
    "relatedId": "DvTPJCQ5UK"
  },
  {
    "objectId": "60a4d8e7d1d94e6986360d09",
    "owningId": "KThJJXbqjq",
    "relatedId": "UtFUTmKs0v"
  },
  {
    "objectId": "60a4d911d1d94e69863624f7",
    "owningId": "VBbLELuf0c",
    "relatedId": "UtFUTmKs0v"
  },
  {
    "objectId": "60a4d928d1d94e6986362ff9",
    "owningId": "bZavJd8vLj",
    "relatedId": "M76ayXr8Xf"
  },
  {
    "objectId": "60a4d936d1d94e698636389a",
    "owningId": "5rddPQkuqt",
    "relatedId": "UtFUTmKs0v"
  },
  {
    "objectId": "60a4d93ed1d94e6986363e0e",
    "owningId": "HvqF3asaLw",
    "relatedId": "M76ayXr8Xf"
  },
  {
    "objectId": "60a4d943d1d94e69863640c7",
    "owningId": "zxqZv6Y1a9",
    "relatedId": "SJt702w3DU"
  },
  {
    "objectId": "60a4d959d1d94e6986364ced",
    "owningId": "g0fjoyjiWj",
    "relatedId": "SJt702w3DU"
  },
  {
    "objectId": "60a4d95dd1d94e6986364f05",
    "owningId": "LgFqi9Gur6",
    "relatedId": "M76ayXr8Xf"
  },
  {
    "objectId": "60a4d998d1d94e6986367394",
    "owningId": "RjDp3raanD",
    "relatedId": "SJt702w3DU"
  },
  {
    "objectId": "60a4da6ad1d94e698636fb14",
    "owningId": "uGEpRNFH4Y",
    "relatedId": "Eq36TLyGkx"
  },
  {
    "objectId": "60a4da7dd1d94e69863703fd",
    "owningId": "5Dy6a3AVBk",
    "relatedId": "HC9p8SpGB5"
  },
  {
    "objectId": "60a4da88d1d94e6986370a86",
    "owningId": "7LCbnrRnnZ",
    "relatedId": "Eq36TLyGkx"
  },
  {
    "objectId": "60a4da97d1d94e698637147f",
    "owningId": "U6WcPM0VH0",
    "relatedId": "HC9p8SpGB5"
  },
  {
    "objectId": "60a4dac5d1d94e6986372f99",
    "owningId": "4L92HYOHNh",
    "relatedId": "HC9p8SpGB5"
  },
  {
    "objectId": "60a4dad0d1d94e6986373499",
    "owningId": "DiKbzpJiZR",
    "relatedId": "Eq36TLyGkx"
  },
  {
    "objectId": "60a4db4fd1d94e6986378fb0",
    "owningId": "0jg90LxDrW",
    "relatedId": "89cAFo06wv"
  },
  {
    "objectId": "60a4db82d1d94e698637bd48",
    "owningId": "Aio1bc0wHi",
    "relatedId": "VRYTNBEJ2A"
  },
  {
    "objectId": "60a4db94d1d94e698637cba2",
    "owningId": "qEdvx7v8oA",
    "relatedId": "89cAFo06wv"
  },
  {
    "objectId": "60a4dbaed1d94e698637e1cd",
    "owningId": "OoHElN1LEk",
    "relatedId": "VRYTNBEJ2A"
  },
  {
    "objectId": "60a4dbafd1d94e698637e26e",
    "owningId": "ZBVkqvQJGw",
    "relatedId": "89cAFo06wv"
  },
  {
    "objectId": "60a4dbd3d1d94e6986380082",
    "owningId": "qrUMAPfjjl",
    "relatedId": "VRYTNBEJ2A"
  },
  {
    "objectId": "60a4dc44d1d94e6986385d0c",
    "owningId": "sgJmHTNp2B",
    "relatedId": "qqDLLjwooi"
  },
  {
    "objectId": "60a4dc66d1d94e698638780d",
    "owningId": "I36LbkX6AH",
    "relatedId": "qqDLLjwooi"
  },
  {
    "objectId": "60a4dc8dd1d94e6986389aac",
    "owningId": "Gta0p6FS4d",
    "relatedId": "qqDLLjwooi"
  },
  {
    "objectId": "60a4dcd7d1d94e698638d585",
    "owningId": "7ASEcj58fV",
    "relatedId": "HCfCehyFKq"
  },
  {
    "objectId": "60a4dcead1d94e698638e2f8",
    "owningId": "dbAVEWhx8V",
    "relatedId": "HCfCehyFKq"
  },
  {
    "objectId": "60a4dcfbd1d94e698638f132",
    "owningId": "QIKfyfk0Dr",
    "relatedId": "WsK2ReuBgM"
  },
  {
    "objectId": "60a4dd16d1d94e69863907cf",
    "owningId": "NdvBxBsBsA",
    "relatedId": "HCfCehyFKq"
  },
  {
    "objectId": "60a4dd1dd1d94e6986390d39",
    "owningId": "2W0YYV40Kq",
    "relatedId": "WsK2ReuBgM"
  },
  {
    "objectId": "60a4dd5fd1d94e6986394004",
    "owningId": "NDd2NjVihM",
    "relatedId": "WsK2ReuBgM"
  },
  {
    "objectId": "60a4dd6fd1d94e6986394c9c",
    "owningId": "9yVPb6E0zc",
    "relatedId": "05ZHqBvpEE"
  },
  {
    "objectId": "60a4dd89d1d94e69863960a4",
    "owningId": "xeGtmuB7Zn",
    "relatedId": "05ZHqBvpEE"
  },
  {
    "objectId": "60a4dd9cd1d94e6986396e95",
    "owningId": "4DP0ixB312",
    "relatedId": "05ZHqBvpEE"
  },
  {
    "objectId": "60a4ddead1d94e698639a7c5",
    "owningId": "jBXbqBzU9Y",
    "relatedId": "lf6wB8AB32"
  },
  {
    "objectId": "60a4de21d1d94e698639d1e4",
    "owningId": "ehG1xCAJYA",
    "relatedId": "AYVvPwkpWD"
  },
  {
    "objectId": "60a4de25d1d94e698639d3f3",
    "owningId": "mdE4SthAUW",
    "relatedId": "lf6wB8AB32"
  },
  {
    "objectId": "60a4de41d1d94e698639e988",
    "owningId": "NRWltOyIPy",
    "relatedId": "AYVvPwkpWD"
  },
  {
    "objectId": "60a4de50d1d94e698639f322",
    "owningId": "D4GcR5DIfs",
    "relatedId": "lf6wB8AB32"
  },
  {
    "objectId": "60a4de6bd1d94e69863a0545",
    "owningId": "wBeVqxwCkn",
    "relatedId": "AYVvPwkpWD"
  },
  {
    "objectId": "60a4dea2d1d94e69863a2a34",
    "owningId": "Hq82ZD70zd",
    "relatedId": "HlZobcIls1"
  },
  {
    "objectId": "60a4deb6d1d94e69863a3787",
    "owningId": "HUEwGFXFBQ",
    "relatedId": "HlZobcIls1"
  },
  {
    "objectId": "60a4decbd1d94e69863a4786",
    "owningId": "gVf8EhwF1p",
    "relatedId": "HlZobcIls1"
  },
  {
    "objectId": "60a4df3fd1d94e69863a9acb",
    "owningId": "1xaMsCPHR3",
    "relatedId": "G6AksbRamB"
  },
  {
    "objectId": "60a4df81d1d94e69863acd34",
    "owningId": "I2APFmLkWQ",
    "relatedId": "G6AksbRamB"
  },
  {
    "objectId": "60a4df98d1d94e69863aded8",
    "owningId": "aD717cCnzO",
    "relatedId": "G6AksbRamB"
  },
  {
    "objectId": "60a4e061d1d94e69863b5fae",
    "owningId": "pQLkbfpS0W",
    "relatedId": "Kai2Inke96"
  },
  {
    "objectId": "60a4e075d1d94e69863b6f7d",
    "owningId": "SjRhTu7Mhy",
    "relatedId": "Kai2Inke96"
  },
  {
    "objectId": "60a4e08bd1d94e69863b802f",
    "owningId": "LyoVLXU4a0",
    "relatedId": "Kai2Inke96"
  },
  {
    "objectId": "60a4e185d1d94e69863c2ef0",
    "owningId": "BnVdKsCrM6",
    "relatedId": "pr2oAmqlQi"
  },
  {
    "objectId": "60a4e1a6d1d94e69863c48fd",
    "owningId": "CfPehuGmBA",
    "relatedId": "pr2oAmqlQi"
  },
  {
    "objectId": "60a4e1c2d1d94e69863c5f87",
    "owningId": "qsZaMRluHv",
    "relatedId": "pr2oAmqlQi"
  },
  {
    "objectId": "60a4e316d1d94e69863d5946",
    "owningId": "QAAvQbzFp8",
    "relatedId": "DEsyYqcIBJ"
  },
  {
    "objectId": "60a4e32dd1d94e69863d6a94",
    "owningId": "VKOyVIbTHN",
    "relatedId": "DEsyYqcIBJ"
  },
  {
    "objectId": "60a4e347d1d94e69863d7e57",
    "owningId": "kVANwrRuHm",
    "relatedId": "DEsyYqcIBJ"
  },
  {
    "objectId": "60a4e418d1d94e69863e0cc4",
    "owningId": "04WQv7fPM0",
    "relatedId": "GGhee7Tw4U"
  },
  {
    "objectId": "60a4e429d1d94e69863e15c9",
    "owningId": "mffRSqctF4",
    "relatedId": "GGhee7Tw4U"
  },
  {
    "objectId": "60a4e43fd1d94e69863e247e",
    "owningId": "Ddz4zluRJW",
    "relatedId": "GGhee7Tw4U"
  }
]
}