{
"results" : [

  {
    "objectId": "Ld9NLV1mH2",
    "answer": "5",
    "createdAt": "2021-04-07T16:32:40.238Z",
    "updatedAt": "2021-05-01T12:05:15.541Z",
    "correct": true,
    "question": {
      "__type": "Relation",
      "className": "Questions"
    }
  },
  {
    "objectId": "30aFvaHGgl",
    "answer": "3",
    "createdAt": "2021-04-07T16:32:55.737Z",
    "updatedAt": "2021-05-01T12:05:10.428Z",
    "correct": false,
    "question": {
      "__type": "Relation",
      "className": "Questions"
    }
  },
  {
    "objectId": "59kNPCzBib",
    "answer": "-5",
    "createdAt": "2021-04-07T16:33:01.985Z",
    "updatedAt": "2021-05-01T12:05:05.166Z",
    "correct": false,
    "question": {
      "__type": "Relation",
      "className": "Questions"
    }
  },
  {
    "objectId": "et6Q4PV2to",
    "answer": "1300",
    "createdAt": "2021-05-02T11:36:50.807Z",
    "updatedAt": "2021-05-02T11:37:29.441Z",
    "correct": false,
    "question": {
      "__type": "Relation",
      "className": "Questions"
    }
  },
  {
    "objectId": "8S65QZGEgL",
    "answer": "1490",
    "createdAt": "2021-05-02T11:37:06.591Z",
    "updatedAt": "2021-05-02T11:37:25.436Z",
    "correct": false,
    "question": {
      "__type": "Relation",
      "className": "Questions"
    }
  },
  {
    "objectId": "fVsGCpg3Bn",
    "answer": "1492",
    "createdAt": "2021-05-02T11:37:11.960Z",
    "updatedAt": "2021-05-02T11:37:21.105Z",
    "correct": true,
    "question": {
      "__type": "Relation",
      "className": "Questions"
    }
  },
  {
    "objectId": "Wc8udx7tI2",
    "answer": "Estados Unidos",
    "createdAt": "2021-05-19T08:36:44.777Z",
    "updatedAt": "2021-05-19T08:38:58.602Z",
    "correct": true,
    "question": {
      "__type": "Relation",
      "className": "Questions"
    }
  },
  {
    "objectId": "fSMyZIyVjy",
    "answer": "La Habana",
    "createdAt": "2021-05-19T08:36:58.424Z",
    "updatedAt": "2021-05-19T08:38:49.584Z",
    "correct": false,
    "question": {
      "__type": "Relation",
      "className": "Questions"
    }
  },
  {
    "objectId": "7bb1pgHTuS",
    "answer": "España",
    "createdAt": "2021-05-19T08:38:21.351Z",
    "updatedAt": "2021-05-19T08:38:39.175Z",
    "correct": false,
    "question": {
      "__type": "Relation",
      "className": "Questions"
    }
  },
  {
    "objectId": "o7kGcjYK0E",
    "answer": "Ebro",
    "createdAt": "2021-05-19T08:40:21.185Z",
    "updatedAt": "2021-05-19T08:40:33.520Z",
    "correct": true,
    "question": {
      "__type": "Relation",
      "className": "Questions"
    }
  },
  {
    "objectId": "Lk8AWZ1d02",
    "answer": "Segura",
    "createdAt": "2021-05-19T08:40:45.843Z",
    "updatedAt": "2021-05-19T08:40:55.575Z",
    "correct": false,
    "question": {
      "__type": "Relation",
      "className": "Questions"
    }
  },
  {
    "objectId": "p0cqjfWpd0",
    "answer": "España no tiene rios",
    "createdAt": "2021-05-19T08:41:03.546Z",
    "updatedAt": "2021-05-19T08:41:11.847Z",
    "correct": false,
    "question": {
      "__type": "Relation",
      "className": "Questions"
    }
  },
  {
    "objectId": "rpPCp1YADE",
    "answer": "Naranja",
    "createdAt": "2021-05-19T08:42:17.728Z",
    "updatedAt": "2021-05-19T08:43:02.380Z",
    "correct": true,
    "question": {
      "__type": "Relation",
      "className": "Questions"
    }
  },
  {
    "objectId": "SBmVTBE6IC",
    "answer": "Negro",
    "createdAt": "2021-05-19T08:43:23.852Z",
    "updatedAt": "2021-05-19T08:43:50.131Z",
    "correct": false,
    "question": {
      "__type": "Relation",
      "className": "Questions"
    }
  },
  {
    "objectId": "ZnGWDN9C2b",
    "answer": "1991",
    "createdAt": "2021-05-19T08:43:31.923Z",
    "updatedAt": "2021-05-19T08:43:38.859Z",
    "correct": true,
    "question": {
      "__type": "Relation",
      "className": "Questions"
    }
  },
  {
    "objectId": "l2dsXNwpU9",
    "answer": "9",
    "createdAt": "2021-05-19T08:43:53.801Z",
    "updatedAt": "2021-05-19T08:44:07.076Z",
    "correct": true,
    "question": {
      "__type": "Relation",
      "className": "Questions"
    }
  },
  {
    "objectId": "8LII9t42MQ",
    "answer": "Rojo",
    "createdAt": "2021-05-19T08:44:14.820Z",
    "updatedAt": "2021-05-19T08:44:24.613Z",
    "correct": false,
    "question": {
      "__type": "Relation",
      "className": "Questions"
    }
  },
  {
    "objectId": "tYu782OEOw",
    "answer": "2008",
    "createdAt": "2021-05-19T08:44:17.711Z",
    "updatedAt": "2021-05-19T08:44:31.513Z",
    "correct": false,
    "question": {
      "__type": "Relation",
      "className": "Questions"
    }
  },
  {
    "objectId": "hMhYjNX5my",
    "answer": "22",
    "createdAt": "2021-05-19T08:44:22.270Z",
    "updatedAt": "2021-05-19T08:44:35.046Z",
    "correct": false,
    "question": {
      "__type": "Relation",
      "className": "Questions"
    }
  },
  {
    "objectId": "4OVGEf1I7C",
    "answer": "1905",
    "createdAt": "2021-05-19T08:44:49.277Z",
    "updatedAt": "2021-05-19T08:44:55.609Z",
    "correct": false,
    "question": {
      "__type": "Relation",
      "className": "Questions"
    }
  },
  {
    "objectId": "VDr93v9sIB",
    "answer": "11",
    "createdAt": "2021-05-19T08:44:52.028Z",
    "updatedAt": "2021-05-19T08:45:00.733Z",
    "correct": false,
    "question": {
      "__type": "Relation",
      "className": "Questions"
    }
  },
  {
    "objectId": "JuabLFbPk2",
    "answer": "Madrid",
    "createdAt": "2021-05-19T08:46:04.503Z",
    "updatedAt": "2021-05-19T08:46:18.243Z",
    "correct": true,
    "question": {
      "__type": "Relation",
      "className": "Questions"
    }
  },
  {
    "objectId": "cznFgcpMlK",
    "answer": "Paris",
    "createdAt": "2021-05-19T08:46:39.307Z",
    "updatedAt": "2021-05-19T08:46:44.681Z",
    "correct": false,
    "question": {
      "__type": "Relation",
      "className": "Questions"
    }
  },
  {
    "objectId": "RzwS3BdopD",
    "answer": "España no tiene capital",
    "createdAt": "2021-05-19T08:46:58.602Z",
    "updatedAt": "2021-05-19T08:47:04.998Z",
    "correct": false,
    "question": {
      "__type": "Relation",
      "className": "Questions"
    }
  },
  {
    "objectId": "mzkDGksmDr",
    "answer": "De pelo de camello",
    "createdAt": "2021-05-19T08:47:11.468Z",
    "updatedAt": "2021-05-19T08:47:31.798Z",
    "correct": false,
    "question": {
      "__type": "Relation",
      "className": "Questions"
    }
  },
  {
    "objectId": "PFZdBkh2AU",
    "answer": "Brasil",
    "createdAt": "2021-05-19T08:47:47.645Z",
    "updatedAt": "2021-05-19T08:47:55.888Z",
    "correct": true,
    "question": {
      "__type": "Relation",
      "className": "Questions"
    }
  },
  {
    "objectId": "CL7waFY4Tw",
    "answer": "De pelo de caballo",
    "createdAt": "2021-05-19T08:47:55.487Z",
    "updatedAt": "2021-05-19T08:48:37.569Z",
    "correct": false,
    "question": {
      "__type": "Relation",
      "className": "Questions"
    }
  },
  {
    "objectId": "GVrdH2rloA",
    "answer": "Inglaterra",
    "createdAt": "2021-05-19T08:48:17.478Z",
    "updatedAt": "2021-05-19T08:49:13.043Z",
    "correct": false,
    "question": {
      "__type": "Relation",
      "className": "Questions"
    }
  },
  {
    "objectId": "MtvdQhMyff",
    "answer": "España",
    "createdAt": "2021-05-19T08:48:47.958Z",
    "updatedAt": "2021-05-19T08:48:57.768Z",
    "correct": false,
    "question": {
      "__type": "Relation",
      "className": "Questions"
    }
  },
  {
    "objectId": "xUaUNuEKrv",
    "answer": "España",
    "createdAt": "2021-05-19T08:49:02.084Z",
    "updatedAt": "2021-05-19T08:49:08.795Z",
    "correct": true,
    "question": {
      "__type": "Relation",
      "className": "Questions"
    }
  },
  {
    "objectId": "5Lqr8pRHmA",
    "answer": "De pelo de marta",
    "createdAt": "2021-05-19T08:49:21.717Z",
    "updatedAt": "2021-05-19T08:50:26.213Z",
    "correct": true,
    "question": {
      "__type": "Relation",
      "className": "Questions"
    }
  },
  {
    "objectId": "AJAwdJb4LF",
    "answer": "Alemania",
    "createdAt": "2021-05-19T08:49:36.067Z",
    "updatedAt": "2021-05-19T08:49:41.651Z",
    "correct": false,
    "question": {
      "__type": "Relation",
      "className": "Questions"
    }
  },
  {
    "objectId": "MkMQgvTOje",
    "answer": "Filipinas",
    "createdAt": "2021-05-19T08:50:07.034Z",
    "updatedAt": "2021-05-19T08:50:12.977Z",
    "correct": false,
    "question": {
      "__type": "Relation",
      "className": "Questions"
    }
  },
  {
    "objectId": "FAFzeoWxHD",
    "answer": "Elvis Presley",
    "createdAt": "2021-05-19T08:51:23.194Z",
    "updatedAt": "2021-05-19T08:51:35.342Z",
    "correct": true,
    "question": {
      "__type": "Relation",
      "className": "Questions"
    }
  },
  {
    "objectId": "G2rnFj6qJE",
    "answer": "Venus",
    "createdAt": "2021-05-19T08:51:23.699Z",
    "updatedAt": "2021-05-19T08:51:31.019Z",
    "correct": true,
    "question": {
      "__type": "Relation",
      "className": "Questions"
    }
  },
  {
    "objectId": "sGWuMXUhXv",
    "answer": "Usain Bolt",
    "createdAt": "2021-05-19T08:51:55.238Z",
    "updatedAt": "2021-05-19T08:52:02.346Z",
    "correct": false,
    "question": {
      "__type": "Relation",
      "className": "Questions"
    }
  },
  {
    "objectId": "s4Es9tUbMp",
    "answer": "El Sol",
    "createdAt": "2021-05-19T08:51:58.683Z",
    "updatedAt": "2021-05-19T08:52:22.832Z",
    "correct": false,
    "question": {
      "__type": "Relation",
      "className": "Questions"
    }
  },
  {
    "objectId": "FepicGnKhd",
    "answer": "Perro",
    "createdAt": "2021-05-19T08:52:04.272Z",
    "updatedAt": "2021-05-19T08:52:19.193Z",
    "correct": true,
    "question": {
      "__type": "Relation",
      "className": "Questions"
    }
  },
  {
    "objectId": "MEmPP2uaGW",
    "answer": "Canario",
    "createdAt": "2021-05-19T08:52:42.473Z",
    "updatedAt": "2021-05-19T08:52:55.809Z",
    "correct": false,
    "question": {
      "__type": "Relation",
      "className": "Questions"
    }
  },
  {
    "objectId": "mm1Sp7eIWG",
    "answer": "Maluma",
    "createdAt": "2021-05-19T08:52:47.040Z",
    "updatedAt": "2021-05-19T08:53:01.213Z",
    "correct": false,
    "question": {
      "__type": "Relation",
      "className": "Questions"
    }
  },
  {
    "objectId": "mpCGadHZWB",
    "answer": "Marte",
    "createdAt": "2021-05-19T08:53:19.424Z",
    "updatedAt": "2021-05-19T08:53:28.203Z",
    "correct": false,
    "question": {
      "__type": "Relation",
      "className": "Questions"
    }
  },
  {
    "objectId": "ikP3o6b4ws",
    "answer": "J.R.R. Tolkien",
    "createdAt": "2021-05-19T08:54:31.602Z",
    "updatedAt": "2021-05-19T08:54:40.176Z",
    "correct": true,
    "question": {
      "__type": "Relation",
      "className": "Questions"
    }
  },
  {
    "objectId": "Ko8gR3u43F",
    "answer": "Cabra",
    "createdAt": "2021-05-19T08:54:52.154Z",
    "updatedAt": "2021-05-19T08:55:01.288Z",
    "correct": false,
    "question": {
      "__type": "Relation",
      "className": "Questions"
    }
  },
  {
    "objectId": "TrG1EP9BDc",
    "answer": "Scott Westerfeld",
    "createdAt": "2021-05-19T08:55:09.814Z",
    "updatedAt": "2021-05-19T08:55:17.316Z",
    "correct": false,
    "question": {
      "__type": "Relation",
      "className": "Questions"
    }
  },
  {
    "objectId": "zygwjbNFEH",
    "answer": "No existe esa triologia",
    "createdAt": "2021-05-19T08:55:40.411Z",
    "updatedAt": "2021-05-19T08:55:47.714Z",
    "correct": false,
    "question": {
      "__type": "Relation",
      "className": "Questions"
    }
  },
  {
    "objectId": "sweOxngx9Z",
    "answer": "El hidrógeno",
    "createdAt": "2021-05-19T08:55:59.534Z",
    "updatedAt": "2021-05-19T08:56:47.352Z",
    "correct": true,
    "question": {
      "__type": "Relation",
      "className": "Questions"
    }
  },
  {
    "objectId": "WbpY51jZUr",
    "answer": "100",
    "createdAt": "2021-05-19T08:56:43.505Z",
    "updatedAt": "2021-05-19T08:56:53.549Z",
    "correct": false,
    "question": {
      "__type": "Relation",
      "className": "Questions"
    }
  },
  {
    "objectId": "JLDGF7SBtU",
    "answer": "116",
    "createdAt": "2021-05-19T08:57:11.716Z",
    "updatedAt": "2021-05-19T08:57:24.081Z",
    "correct": true,
    "question": {
      "__type": "Relation",
      "className": "Questions"
    }
  },
  {
    "objectId": "rBHRrh4TGH",
    "answer": "El vibranium",
    "createdAt": "2021-05-19T08:57:22.061Z",
    "updatedAt": "2021-05-19T08:57:31.789Z",
    "correct": false,
    "question": {
      "__type": "Relation",
      "className": "Questions"
    }
  },
  {
    "objectId": "youkx0zEOz",
    "answer": "99",
    "createdAt": "2021-05-19T08:57:35.886Z",
    "updatedAt": "2021-05-19T08:57:52.279Z",
    "correct": false,
    "question": {
      "__type": "Relation",
      "className": "Questions"
    }
  },
  {
    "objectId": "9iHUed3P0M",
    "answer": "El magnesio",
    "createdAt": "2021-05-19T08:57:46.304Z",
    "updatedAt": "2021-05-19T08:57:54.307Z",
    "correct": false,
    "question": {
      "__type": "Relation",
      "className": "Questions"
    }
  },
  {
    "objectId": "yO2jsSrdDE",
    "answer": "8",
    "createdAt": "2021-05-19T08:57:52.807Z",
    "updatedAt": "2021-05-19T08:57:58.876Z",
    "correct": true,
    "question": {
      "__type": "Relation",
      "className": "Questions"
    }
  },
  {
    "objectId": "3cwvYw2AUa",
    "answer": "4",
    "createdAt": "2021-05-19T08:58:06.522Z",
    "updatedAt": "2021-05-19T08:58:13.198Z",
    "correct": false,
    "question": {
      "__type": "Relation",
      "className": "Questions"
    }
  },
  {
    "objectId": "sqVav0gSj6",
    "answer": "12",
    "createdAt": "2021-05-19T08:58:21.304Z",
    "updatedAt": "2021-05-19T08:58:27.053Z",
    "correct": false,
    "question": {
      "__type": "Relation",
      "className": "Questions"
    }
  },
  {
    "objectId": "EntNtz8cAT",
    "answer": "7",
    "createdAt": "2021-05-19T09:00:02.587Z",
    "updatedAt": "2021-05-19T09:00:09.413Z",
    "correct": true,
    "question": {
      "__type": "Relation",
      "className": "Questions"
    }
  },
  {
    "objectId": "LUABFN3EEA",
    "answer": "Madeira",
    "createdAt": "2021-05-19T09:00:17.363Z",
    "updatedAt": "2021-05-19T09:00:23.547Z",
    "correct": true,
    "question": {
      "__type": "Relation",
      "className": "Questions"
    }
  },
  {
    "objectId": "sTwql1VoaP",
    "answer": "9",
    "createdAt": "2021-05-19T09:00:26.977Z",
    "updatedAt": "2021-05-19T09:00:34.013Z",
    "correct": false,
    "question": {
      "__type": "Relation",
      "className": "Questions"
    }
  },
  {
    "objectId": "nD1g9cOaEs",
    "answer": "La Habana",
    "createdAt": "2021-05-19T09:00:34.569Z",
    "updatedAt": "2021-05-19T09:00:41.497Z",
    "correct": false,
    "question": {
      "__type": "Relation",
      "className": "Questions"
    }
  },
  {
    "objectId": "5kHXLZq8HU",
    "answer": "Italia",
    "createdAt": "2021-05-19T09:00:54.429Z",
    "updatedAt": "2021-05-19T09:01:02.211Z",
    "correct": false,
    "question": {
      "__type": "Relation",
      "className": "Questions"
    }
  },
  {
    "objectId": "jZAAErxmG8",
    "answer": "2800",
    "createdAt": "2021-05-19T09:01:12.438Z",
    "updatedAt": "2021-05-19T09:01:22.030Z",
    "correct": false,
    "question": {
      "__type": "Relation",
      "className": "Questions"
    }
  },
  {
    "objectId": "Bp8A0R5GG0",
    "answer": "Un secreto",
    "createdAt": "2021-05-19T09:01:17.170Z",
    "updatedAt": "2021-05-19T09:01:27.977Z",
    "correct": true,
    "question": {
      "__type": "Relation",
      "className": "Questions"
    }
  },
  {
    "objectId": "qNMJ7HlzMg",
    "answer": "La virginidad",
    "createdAt": "2021-05-19T09:01:41.065Z",
    "updatedAt": "2021-05-19T09:01:52.726Z",
    "correct": false,
    "question": {
      "__type": "Relation",
      "className": "Questions"
    }
  },
  {
    "objectId": "A791THPyWI",
    "answer": "90 minutos",
    "createdAt": "2021-05-19T09:02:10.727Z",
    "updatedAt": "2021-05-19T09:02:17.046Z",
    "correct": true,
    "question": {
      "__type": "Relation",
      "className": "Questions"
    }
  },
  {
    "objectId": "Ho5FEgIFf9",
    "answer": "El conocimiento",
    "createdAt": "2021-05-19T09:02:23.213Z",
    "updatedAt": "2021-05-19T09:02:40.191Z",
    "correct": false,
    "question": {
      "__type": "Relation",
      "className": "Questions"
    }
  },
  {
    "objectId": "Kao7dTH5Ry",
    "answer": "40 minutos",
    "createdAt": "2021-05-19T09:02:30.401Z",
    "updatedAt": "2021-05-19T09:02:36.179Z",
    "correct": false,
    "question": {
      "__type": "Relation",
      "className": "Questions"
    }
  },
  {
    "objectId": "YiIeUatdhY",
    "answer": "2 minutos y 38 segundos",
    "createdAt": "2021-05-19T09:03:22.793Z",
    "updatedAt": "2021-05-19T09:03:28.126Z",
    "correct": false,
    "question": {
      "__type": "Relation",
      "className": "Questions"
    }
  },
  {
    "objectId": "nz2Nf5W4q6",
    "answer": "Unas escaleras",
    "createdAt": "2021-05-19T09:04:49.653Z",
    "updatedAt": "2021-05-19T09:05:01.795Z",
    "correct": true,
    "question": {
      "__type": "Relation",
      "className": "Questions"
    }
  },
  {
    "objectId": "MkcWYdwIK1",
    "answer": "Líbero",
    "createdAt": "2021-05-19T09:05:04.542Z",
    "updatedAt": "2021-05-19T09:05:13.203Z",
    "correct": true,
    "question": {
      "__type": "Relation",
      "className": "Questions"
    }
  },
  {
    "objectId": "bytplLxoTQ",
    "answer": "Nueva Zelanda",
    "createdAt": "2021-05-19T09:05:13.814Z",
    "updatedAt": "2021-05-19T09:05:21.361Z",
    "correct": true,
    "question": {
      "__type": "Relation",
      "className": "Questions"
    }
  },
  {
    "objectId": "E18zqorohn",
    "answer": "Un ascensor",
    "createdAt": "2021-05-19T09:05:17.810Z",
    "updatedAt": "2021-05-19T09:05:26.971Z",
    "correct": false,
    "question": {
      "__type": "Relation",
      "className": "Questions"
    }
  },
  {
    "objectId": "FgBae1v5VV",
    "answer": "Portero",
    "createdAt": "2021-05-19T09:05:28.005Z",
    "updatedAt": "2021-05-19T09:05:35.126Z",
    "correct": false,
    "question": {
      "__type": "Relation",
      "className": "Questions"
    }
  },
  {
    "objectId": "TmqafAP7NI",
    "answer": "España",
    "createdAt": "2021-05-19T09:05:34.168Z",
    "updatedAt": "2021-05-19T09:05:40.544Z",
    "correct": false,
    "question": {
      "__type": "Relation",
      "className": "Questions"
    }
  },
  {
    "objectId": "bU7Q0ELmoT",
    "answer": "La gravedad",
    "createdAt": "2021-05-19T09:05:39.440Z",
    "updatedAt": "2021-05-19T09:05:52.728Z",
    "correct": false,
    "question": {
      "__type": "Relation",
      "className": "Questions"
    }
  },
  {
    "objectId": "cQAbAWxZ2E",
    "answer": "Estados Unidos",
    "createdAt": "2021-05-19T09:05:50.147Z",
    "updatedAt": "2021-05-19T09:06:01.194Z",
    "correct": false,
    "question": {
      "__type": "Relation",
      "className": "Questions"
    }
  },
  {
    "objectId": "uaJ22BC9xw",
    "answer": "Utilero",
    "createdAt": "2021-05-19T09:05:58.776Z",
    "updatedAt": "2021-05-19T09:06:06.105Z",
    "correct": false,
    "question": {
      "__type": "Relation",
      "className": "Questions"
    }
  },
  {
    "objectId": "oxFvZrLMUB",
    "answer": "Octubre",
    "createdAt": "2021-05-19T09:07:20.251Z",
    "updatedAt": "2021-05-19T09:07:28.774Z",
    "correct": false,
    "question": {
      "__type": "Relation",
      "className": "Questions"
    }
  },
  {
    "objectId": "PtjfJNCkbF",
    "answer": "300.000 km/s",
    "createdAt": "2021-05-19T09:07:25.713Z",
    "updatedAt": "2021-05-19T09:07:32.259Z",
    "correct": true,
    "question": {
      "__type": "Relation",
      "className": "Questions"
    }
  },
  {
    "objectId": "D2Di7sVRRz",
    "answer": "La Torá",
    "createdAt": "2021-05-19T09:07:39.436Z",
    "updatedAt": "2021-05-19T09:07:47.987Z",
    "correct": true,
    "question": {
      "__type": "Relation",
      "className": "Questions"
    }
  },
  {
    "objectId": "5OWRcdjnKl",
    "answer": "25 km/h",
    "createdAt": "2021-05-19T09:07:41.504Z",
    "updatedAt": "2021-05-19T09:07:48.272Z",
    "correct": false,
    "question": {
      "__type": "Relation",
      "className": "Questions"
    }
  },
  {
    "objectId": "QDOTticUZv",
    "answer": "Septiembre",
    "createdAt": "2021-05-19T09:07:43.242Z",
    "updatedAt": "2021-05-19T09:07:51.900Z",
    "correct": false,
    "question": {
      "__type": "Relation",
      "className": "Questions"
    }
  },
  {
    "objectId": "62Eq0defRa",
    "answer": "El Coran",
    "createdAt": "2021-05-19T09:08:01.500Z",
    "updatedAt": "2021-05-19T09:08:07.962Z",
    "correct": false,
    "question": {
      "__type": "Relation",
      "className": "Questions"
    }
  },
  {
    "objectId": "G3cCeEKpDs",
    "answer": "Noviembre",
    "createdAt": "2021-05-19T09:08:08.663Z",
    "updatedAt": "2021-05-19T09:08:18.201Z",
    "correct": true,
    "question": {
      "__type": "Relation",
      "className": "Questions"
    }
  },
  {
    "objectId": "sfGBluoB9E",
    "answer": "1 km/s",
    "createdAt": "2021-05-19T09:08:17.109Z",
    "updatedAt": "2021-05-19T09:08:23.483Z",
    "correct": false,
    "question": {
      "__type": "Relation",
      "className": "Questions"
    }
  },
  {
    "objectId": "PQwxy6MSMy",
    "answer": "El Libro Gordo de Petete",
    "createdAt": "2021-05-19T09:08:29.983Z",
    "updatedAt": "2021-05-19T09:08:55.119Z",
    "correct": false,
    "question": {
      "__type": "Relation",
      "className": "Questions"
    }
  },
  {
    "objectId": "YYEqnUfFtL",
    "answer": "Mamíferos",
    "createdAt": "2021-05-19T09:09:49.557Z",
    "updatedAt": "2021-05-19T09:09:55.737Z",
    "correct": true,
    "question": {
      "__type": "Relation",
      "className": "Questions"
    }
  },
  {
    "objectId": "3yiwdxorKP",
    "answer": "Plantas",
    "createdAt": "2021-05-19T09:10:18.200Z",
    "updatedAt": "2021-05-19T09:10:27.281Z",
    "correct": false,
    "question": {
      "__type": "Relation",
      "className": "Questions"
    }
  },
  {
    "objectId": "GAfUOvxBwu",
    "answer": "El Sahara",
    "createdAt": "2021-05-19T09:10:18.247Z",
    "updatedAt": "2021-05-19T09:10:27.004Z",
    "correct": true,
    "question": {
      "__type": "Relation",
      "className": "Questions"
    }
  },
  {
    "objectId": "1DY4utG0PI",
    "answer": "Jorge",
    "createdAt": "2021-05-19T09:10:30.404Z",
    "updatedAt": "2021-05-19T09:10:40.437Z",
    "correct": false,
    "question": {
      "__type": "Relation",
      "className": "Questions"
    }
  },
  {
    "objectId": "4yWkULOMa4",
    "answer": "Seres no vivos",
    "createdAt": "2021-05-19T09:10:45.086Z",
    "updatedAt": "2021-05-19T09:10:52.909Z",
    "correct": false,
    "question": {
      "__type": "Relation",
      "className": "Questions"
    }
  },
  {
    "objectId": "jkWWFiLE9j",
    "answer": "El Gobi",
    "createdAt": "2021-05-19T09:10:46.445Z",
    "updatedAt": "2021-05-19T09:10:53.351Z",
    "correct": false,
    "question": {
      "__type": "Relation",
      "className": "Questions"
    }
  },
  {
    "objectId": "fGGGa2keuS",
    "answer": "Alberto",
    "createdAt": "2021-05-19T09:10:50.603Z",
    "updatedAt": "2021-05-19T09:11:09.079Z",
    "correct": true,
    "question": {
      "__type": "Relation",
      "className": "Questions"
    }
  },
  {
    "objectId": "VfyBqBHVpH",
    "answer": "Los Monegros",
    "createdAt": "2021-05-19T09:11:08.743Z",
    "updatedAt": "2021-05-19T09:12:49.504Z",
    "correct": false,
    "question": {
      "__type": "Relation",
      "className": "Questions"
    }
  },
  {
    "objectId": "0ieU71rXmw",
    "answer": "Adolfo",
    "createdAt": "2021-05-19T09:11:31.781Z",
    "updatedAt": "2021-05-19T09:11:47.853Z",
    "correct": false,
    "question": {
      "__type": "Relation",
      "className": "Questions"
    }
  },
  {
    "objectId": "9GQ8MzxYw1",
    "answer": "El cuervo Stiffler",
    "createdAt": "2021-05-19T09:12:44.650Z",
    "updatedAt": "2021-05-19T09:13:19.049Z",
    "correct": false,
    "question": {
      "__type": "Relation",
      "className": "Questions"
    }
  },
  {
    "objectId": "M8JwfLJk3E",
    "answer": "Norte",
    "createdAt": "2021-05-19T09:13:32.904Z",
    "updatedAt": "2021-05-19T09:13:40.150Z",
    "correct": true,
    "question": {
      "__type": "Relation",
      "className": "Questions"
    }
  },
  {
    "objectId": "JHRrLz1IIH",
    "answer": "Pitágoras",
    "createdAt": "2021-05-19T09:13:36.776Z",
    "updatedAt": "2021-05-19T09:13:43.770Z",
    "correct": true,
    "question": {
      "__type": "Relation",
      "className": "Questions"
    }
  },
  {
    "objectId": "vXpMLW9dEg",
    "answer": "Naciones",
    "createdAt": "2021-05-19T09:13:56.514Z",
    "updatedAt": "2021-05-19T09:14:03.916Z",
    "correct": false,
    "question": {
      "__type": "Relation",
      "className": "Questions"
    }
  },
  {
    "objectId": "XF0yCVaGlm",
    "answer": "Abraham Lincoln",
    "createdAt": "2021-05-19T09:14:11.311Z",
    "updatedAt": "2021-05-19T09:14:18.206Z",
    "correct": false,
    "question": {
      "__type": "Relation",
      "className": "Questions"
    }
  },
  {
    "objectId": "fGy1oeNB6S",
    "answer": "5",
    "createdAt": "2021-05-19T09:14:14.332Z",
    "updatedAt": "2021-05-19T09:14:26.452Z",
    "correct": true,
    "question": {
      "__type": "Relation",
      "className": "Questions"
    }
  },
  {
    "objectId": "r9WDFSxHyc",
    "answer": "3",
    "createdAt": "2021-05-19T09:14:42.276Z",
    "updatedAt": "2021-05-19T09:14:53.955Z",
    "correct": false,
    "question": {
      "__type": "Relation",
      "className": "Questions"
    }
  },
  {
    "objectId": "yOXLECGlzN",
    "answer": "No existe tal teorema",
    "createdAt": "2021-05-19T09:14:47.256Z",
    "updatedAt": "2021-05-19T09:14:55.313Z",
    "correct": false,
    "question": {
      "__type": "Relation",
      "className": "Questions"
    }
  },
  {
    "objectId": "uAZ5yJ4BSG",
    "answer": "2",
    "createdAt": "2021-05-19T09:15:06.476Z",
    "updatedAt": "2021-05-19T09:15:13.637Z",
    "correct": false,
    "question": {
      "__type": "Relation",
      "className": "Questions"
    }
  },
  {
    "objectId": "OKxTB23L8K",
    "answer": "Mozart",
    "createdAt": "2021-05-19T09:15:48.548Z",
    "updatedAt": "2021-05-19T09:15:55.663Z",
    "correct": true,
    "question": {
      "__type": "Relation",
      "className": "Questions"
    }
  },
  {
    "objectId": "xZiI6C8IT0",
    "answer": "Bethoven",
    "createdAt": "2021-05-19T09:16:08.387Z",
    "updatedAt": "2021-05-19T09:16:16.088Z",
    "correct": false,
    "question": {
      "__type": "Relation",
      "className": "Questions"
    }
  },
  {
    "objectId": "JCx2WBnjfp",
    "answer": "Mar Mediterraneo",
    "createdAt": "2021-05-19T09:16:14.901Z",
    "updatedAt": "2021-05-19T09:16:21.700Z",
    "correct": true,
    "question": {
      "__type": "Relation",
      "className": "Questions"
    }
  },
  {
    "objectId": "9EVIdSwH5o",
    "answer": "Christian",
    "createdAt": "2021-05-19T09:16:35.803Z",
    "updatedAt": "2021-05-19T09:16:44.814Z",
    "correct": false,
    "question": {
      "__type": "Relation",
      "className": "Questions"
    }
  },
  {
    "objectId": "aAUbqQhqZA",
    "answer": "Mar Maritimo",
    "createdAt": "2021-05-19T09:16:44.823Z",
    "updatedAt": "2021-05-19T09:16:51.152Z",
    "correct": false,
    "question": {
      "__type": "Relation",
      "className": "Questions"
    }
  },
  {
    "objectId": "1o1UJkACFc",
    "answer": "Ecuador",
    "createdAt": "2021-05-19T09:17:07.916Z",
    "updatedAt": "2021-05-19T09:17:22.623Z",
    "correct": true,
    "question": {
      "__type": "Relation",
      "className": "Questions"
    }
  },
  {
    "objectId": "8YgkjMXsEF",
    "answer": "Mar Aguado",
    "createdAt": "2021-05-19T09:17:08.276Z",
    "updatedAt": "2021-05-19T09:17:15.430Z",
    "correct": false,
    "question": {
      "__type": "Relation",
      "className": "Questions"
    }
  },
  {
    "objectId": "PafadltfkR",
    "answer": "Panamá",
    "createdAt": "2021-05-19T09:17:38.709Z",
    "updatedAt": "2021-05-19T09:17:46.027Z",
    "correct": false,
    "question": {
      "__type": "Relation",
      "className": "Questions"
    }
  },
  {
    "objectId": "fZf2qhLsCX",
    "answer": "Colombia",
    "createdAt": "2021-05-19T09:17:57.951Z",
    "updatedAt": "2021-05-19T09:18:05.464Z",
    "correct": false,
    "question": {
      "__type": "Relation",
      "className": "Questions"
    }
  },
  {
    "objectId": "0V3nll19Ay",
    "answer": "Hey Jude",
    "createdAt": "2021-05-19T09:18:09.585Z",
    "updatedAt": "2021-05-19T09:18:18.319Z",
    "correct": true,
    "question": {
      "__type": "Relation",
      "className": "Questions"
    }
  },
  {
    "objectId": "cq2ysur5QN",
    "answer": "Tierra",
    "createdAt": "2021-05-19T09:18:19.891Z",
    "updatedAt": "2021-05-19T09:18:25.632Z",
    "correct": true,
    "question": {
      "__type": "Relation",
      "className": "Questions"
    }
  },
  {
    "objectId": "0vfYBbxXnN",
    "answer": "Jupiter",
    "createdAt": "2021-05-19T09:18:32.682Z",
    "updatedAt": "2021-05-19T09:18:39.562Z",
    "correct": false,
    "question": {
      "__type": "Relation",
      "className": "Questions"
    }
  },
  {
    "objectId": "sIhgi8WU7q",
    "answer": "Let it be",
    "createdAt": "2021-05-19T09:18:34.889Z",
    "updatedAt": "2021-05-19T09:18:43.251Z",
    "correct": false,
    "question": {
      "__type": "Relation",
      "className": "Questions"
    }
  },
  {
    "objectId": "3SMo0EpIC3",
    "answer": "Platin",
    "createdAt": "2021-05-19T09:19:18.660Z",
    "updatedAt": "2021-05-19T09:19:25.317Z",
    "correct": false,
    "question": {
      "__type": "Relation",
      "className": "Questions"
    }
  },
  {
    "objectId": "mTgGxbiIQq",
    "answer": "Patatas fritas",
    "createdAt": "2021-05-19T09:19:46.593Z",
    "updatedAt": "2021-05-19T09:19:55.008Z",
    "correct": false,
    "question": {
      "__type": "Relation",
      "className": "Questions"
    }
  },
  {
    "objectId": "YoGFcrSvhL",
    "answer": "3.14",
    "createdAt": "2021-05-19T09:20:27.513Z",
    "updatedAt": "2021-05-19T09:20:34.124Z",
    "correct": true,
    "question": {
      "__type": "Relation",
      "className": "Questions"
    }
  },
  {
    "objectId": "vX3FDscDjr",
    "answer": "7",
    "createdAt": "2021-05-19T09:20:41.427Z",
    "updatedAt": "2021-05-19T09:20:48.132Z",
    "correct": false,
    "question": {
      "__type": "Relation",
      "className": "Questions"
    }
  },
  {
    "objectId": "GXZQvBujXs",
    "answer": "8",
    "createdAt": "2021-05-19T09:20:53.105Z",
    "updatedAt": "2021-05-19T09:20:59.825Z",
    "correct": false,
    "question": {
      "__type": "Relation",
      "className": "Questions"
    }
  },
  {
    "objectId": "3nkNhJnh5G",
    "answer": "El patito Feo",
    "createdAt": "2021-05-19T09:21:23.056Z",
    "updatedAt": "2021-05-19T09:21:31.299Z",
    "correct": false,
    "question": {
      "__type": "Relation",
      "className": "Questions"
    }
  },
  {
    "objectId": "ZMSIwVfwIW",
    "answer": "Harry Potter y la Orden del Fénix",
    "createdAt": "2021-05-19T09:22:00.251Z",
    "updatedAt": "2021-05-19T09:22:08.359Z",
    "correct": true,
    "question": {
      "__type": "Relation",
      "className": "Questions"
    }
  },
  {
    "objectId": "mm1iyp8ckI",
    "answer": "Harry Potter y El Prisionero de Azkaban",
    "createdAt": "2021-05-19T09:22:25.158Z",
    "updatedAt": "2021-05-19T09:22:32.420Z",
    "correct": false,
    "question": {
      "__type": "Relation",
      "className": "Questions"
    }
  },
  {
    "objectId": "KThJJXbqjq",
    "answer": "Frida Kahlo",
    "createdAt": "2021-05-19T09:22:41.587Z",
    "updatedAt": "2021-05-19T09:22:51.717Z",
    "correct": true,
    "question": {
      "__type": "Relation",
      "className": "Questions"
    }
  },
  {
    "objectId": "VBbLELuf0c",
    "answer": "Úrsula Corberó",
    "createdAt": "2021-05-19T09:23:23.586Z",
    "updatedAt": "2021-05-19T09:23:29.925Z",
    "correct": false,
    "question": {
      "__type": "Relation",
      "className": "Questions"
    }
  },
  {
    "objectId": "bZavJd8vLj",
    "answer": "Siglo XVI",
    "createdAt": "2021-05-19T09:23:46.157Z",
    "updatedAt": "2021-05-19T09:23:52.246Z",
    "correct": true,
    "question": {
      "__type": "Relation",
      "className": "Questions"
    }
  },
  {
    "objectId": "5rddPQkuqt",
    "answer": "Amanda Torres",
    "createdAt": "2021-05-19T09:23:59.972Z",
    "updatedAt": "2021-05-19T09:24:06.143Z",
    "correct": false,
    "question": {
      "__type": "Relation",
      "className": "Questions"
    }
  },
  {
    "objectId": "HvqF3asaLw",
    "answer": "Siglo XXX",
    "createdAt": "2021-05-19T09:24:07.362Z",
    "updatedAt": "2021-05-19T09:24:14.220Z",
    "correct": false,
    "question": {
      "__type": "Relation",
      "className": "Questions"
    }
  },
  {
    "objectId": "zxqZv6Y1a9",
    "answer": "Francesco Macaronni",
    "createdAt": "2021-05-19T09:24:07.384Z",
    "updatedAt": "2021-05-19T09:24:19.246Z",
    "correct": false,
    "question": {
      "__type": "Relation",
      "className": "Questions"
    }
  },
  {
    "objectId": "g0fjoyjiWj",
    "answer": "Luigi Mario",
    "createdAt": "2021-05-19T09:24:30.275Z",
    "updatedAt": "2021-05-19T09:24:41.507Z",
    "correct": false,
    "question": {
      "__type": "Relation",
      "className": "Questions"
    }
  },
  {
    "objectId": "LgFqi9Gur6",
    "answer": "Siglo XVII",
    "createdAt": "2021-05-19T09:24:35.821Z",
    "updatedAt": "2021-05-19T09:24:45.996Z",
    "correct": false,
    "question": {
      "__type": "Relation",
      "className": "Questions"
    }
  },
  {
    "objectId": "RjDp3raanD",
    "answer": "Urbano Rattazzi",
    "createdAt": "2021-05-19T09:25:04.610Z",
    "updatedAt": "2021-05-19T09:25:44.696Z",
    "correct": true,
    "question": {
      "__type": "Relation",
      "className": "Questions"
    }
  },
  {
    "objectId": "uGEpRNFH4Y",
    "answer": "Stiffler Alberto Cyrus",
    "createdAt": "2021-05-19T09:29:03.916Z",
    "updatedAt": "2021-05-19T09:29:23.267Z",
    "correct": false,
    "question": {
      "__type": "Relation",
      "className": "Questions"
    }
  },
  {
    "objectId": "5Dy6a3AVBk",
    "answer": "Abuya",
    "createdAt": "2021-05-19T09:29:21.598Z",
    "updatedAt": "2021-05-19T09:29:33.105Z",
    "correct": true,
    "question": {
      "__type": "Relation",
      "className": "Questions"
    }
  },
  {
    "objectId": "7LCbnrRnnZ",
    "answer": "Billy Ray Cyrus",
    "createdAt": "2021-05-19T09:29:38.988Z",
    "updatedAt": "2021-05-19T09:30:52.672Z",
    "correct": true,
    "question": {
      "__type": "Relation",
      "className": "Questions"
    }
  },
  {
    "objectId": "U6WcPM0VH0",
    "answer": "Lagos",
    "createdAt": "2021-05-19T09:29:42.728Z",
    "updatedAt": "2021-05-19T09:29:59.600Z",
    "correct": false,
    "question": {
      "__type": "Relation",
      "className": "Questions"
    }
  },
  {
    "objectId": "4L92HYOHNh",
    "answer": "Gwengudfue",
    "createdAt": "2021-05-19T09:30:30.566Z",
    "updatedAt": "2021-05-19T09:30:45.860Z",
    "correct": false,
    "question": {
      "__type": "Relation",
      "className": "Questions"
    }
  },
  {
    "objectId": "DiKbzpJiZR",
    "answer": "Adam J. Cyrus",
    "createdAt": "2021-05-19T09:30:42.259Z",
    "updatedAt": "2021-05-19T09:30:56.254Z",
    "correct": false,
    "question": {
      "__type": "Relation",
      "className": "Questions"
    }
  },
  {
    "objectId": "0jg90LxDrW",
    "answer": "Pedro Sanchez",
    "createdAt": "2021-05-19T09:32:56.101Z",
    "updatedAt": "2021-05-19T09:33:03.111Z",
    "correct": false,
    "question": {
      "__type": "Relation",
      "className": "Questions"
    }
  },
  {
    "objectId": "Aio1bc0wHi",
    "answer": "Kenji Yamamoto",
    "createdAt": "2021-05-19T09:33:41.845Z",
    "updatedAt": "2021-05-19T09:33:54.868Z",
    "correct": false,
    "question": {
      "__type": "Relation",
      "className": "Questions"
    }
  },
  {
    "objectId": "qEdvx7v8oA",
    "answer": "Lisa Marie Lambert",
    "createdAt": "2021-05-19T09:34:04.810Z",
    "updatedAt": "2021-05-19T09:34:12.545Z",
    "correct": false,
    "question": {
      "__type": "Relation",
      "className": "Questions"
    }
  },
  {
    "objectId": "OoHElN1LEk",
    "answer": "Shunsuke Kikuchi",
    "createdAt": "2021-05-19T09:34:27.874Z",
    "updatedAt": "2021-05-19T09:34:38.418Z",
    "correct": true,
    "question": {
      "__type": "Relation",
      "className": "Questions"
    }
  },
  {
    "objectId": "ZBVkqvQJGw",
    "answer": "Alecia Beth Moore",
    "createdAt": "2021-05-19T09:34:31.693Z",
    "updatedAt": "2021-05-19T09:34:39.194Z",
    "correct": true,
    "question": {
      "__type": "Relation",
      "className": "Questions"
    }
  },
  {
    "objectId": "qrUMAPfjjl",
    "answer": "Ryu Ken",
    "createdAt": "2021-05-19T09:35:04.162Z",
    "updatedAt": "2021-05-19T09:35:15.659Z",
    "correct": false,
    "question": {
      "__type": "Relation",
      "className": "Questions"
    }
  },
  {
    "objectId": "sgJmHTNp2B",
    "answer": "En Marvel Studios",
    "createdAt": "2021-05-19T09:36:57.722Z",
    "updatedAt": "2021-05-19T09:37:08.742Z",
    "correct": false,
    "question": {
      "__type": "Relation",
      "className": "Questions"
    }
  },
  {
    "objectId": "I36LbkX6AH",
    "answer": "En los brazos",
    "createdAt": "2021-05-19T09:37:33.688Z",
    "updatedAt": "2021-05-19T09:37:42.499Z",
    "correct": true,
    "question": {
      "__type": "Relation",
      "className": "Questions"
    }
  },
  {
    "objectId": "Gta0p6FS4d",
    "answer": "En el oido interno",
    "createdAt": "2021-05-19T09:38:14.277Z",
    "updatedAt": "2021-05-19T09:38:21.914Z",
    "correct": false,
    "question": {
      "__type": "Relation",
      "className": "Questions"
    }
  },
  {
    "objectId": "7ASEcj58fV",
    "answer": "Tuberculosis",
    "createdAt": "2021-05-19T09:39:29.622Z",
    "updatedAt": "2021-05-19T09:39:35.940Z",
    "correct": true,
    "question": {
      "__type": "Relation",
      "className": "Questions"
    }
  },
  {
    "objectId": "dbAVEWhx8V",
    "answer": "Lumbago",
    "createdAt": "2021-05-19T09:39:47.254Z",
    "updatedAt": "2021-05-19T09:39:54.056Z",
    "correct": false,
    "question": {
      "__type": "Relation",
      "className": "Questions"
    }
  },
  {
    "objectId": "QIKfyfk0Dr",
    "answer": "41146",
    "createdAt": "2021-05-19T09:40:03.605Z",
    "updatedAt": "2021-05-19T09:40:11.819Z",
    "correct": true,
    "question": {
      "__type": "Relation",
      "className": "Questions"
    }
  },
  {
    "objectId": "NdvBxBsBsA",
    "answer": "Gripe",
    "createdAt": "2021-05-19T09:40:32.755Z",
    "updatedAt": "2021-05-19T09:40:38.665Z",
    "correct": false,
    "question": {
      "__type": "Relation",
      "className": "Questions"
    }
  },
  {
    "objectId": "2W0YYV40Kq",
    "answer": "39562",
    "createdAt": "2021-05-19T09:40:32.797Z",
    "updatedAt": "2021-05-19T09:40:45.889Z",
    "correct": false,
    "question": {
      "__type": "Relation",
      "className": "Questions"
    }
  },
  {
    "objectId": "NDd2NjVihM",
    "answer": "58336",
    "createdAt": "2021-05-19T09:41:42.531Z",
    "updatedAt": "2021-05-19T09:41:51.122Z",
    "correct": false,
    "question": {
      "__type": "Relation",
      "className": "Questions"
    }
  },
  {
    "objectId": "9yVPb6E0zc",
    "answer": "El cuero cabelludo",
    "createdAt": "2021-05-19T09:41:57.196Z",
    "updatedAt": "2021-05-19T09:42:07.637Z",
    "correct": false,
    "question": {
      "__type": "Relation",
      "className": "Questions"
    }
  },
  {
    "objectId": "xeGtmuB7Zn",
    "answer": "Los pelos de los nudillos",
    "createdAt": "2021-05-19T09:42:27.923Z",
    "updatedAt": "2021-05-19T09:42:33.793Z",
    "correct": false,
    "question": {
      "__type": "Relation",
      "className": "Questions"
    }
  },
  {
    "objectId": "4DP0ixB312",
    "answer": "Las pestañas",
    "createdAt": "2021-05-19T09:42:46.789Z",
    "updatedAt": "2021-05-19T09:42:52.294Z",
    "correct": true,
    "question": {
      "__type": "Relation",
      "className": "Questions"
    }
  },
  {
    "objectId": "jBXbqBzU9Y",
    "answer": "El hígado",
    "createdAt": "2021-05-19T09:44:04.879Z",
    "updatedAt": "2021-05-19T09:44:10.924Z",
    "correct": true,
    "question": {
      "__type": "Relation",
      "className": "Questions"
    }
  },
  {
    "objectId": "ehG1xCAJYA",
    "answer": "Península",
    "createdAt": "2021-05-19T09:44:56.637Z",
    "updatedAt": "2021-05-19T09:45:05.924Z",
    "correct": true,
    "question": {
      "__type": "Relation",
      "className": "Questions"
    }
  },
  {
    "objectId": "mdE4SthAUW",
    "answer": "Juan Luis Guerra",
    "createdAt": "2021-05-19T09:45:00.477Z",
    "updatedAt": "2021-05-19T09:45:09.096Z",
    "correct": false,
    "question": {
      "__type": "Relation",
      "className": "Questions"
    }
  },
  {
    "objectId": "NRWltOyIPy",
    "answer": "Zatoichi",
    "createdAt": "2021-05-19T09:45:28.678Z",
    "updatedAt": "2021-05-19T09:45:37.754Z",
    "correct": false,
    "question": {
      "__type": "Relation",
      "className": "Questions"
    }
  },
  {
    "objectId": "D4GcR5DIfs",
    "answer": "El pancreas",
    "createdAt": "2021-05-19T09:45:45.302Z",
    "updatedAt": "2021-05-19T09:45:52.649Z",
    "correct": false,
    "question": {
      "__type": "Relation",
      "className": "Questions"
    }
  },
  {
    "objectId": "wBeVqxwCkn",
    "answer": "Violent Cop",
    "createdAt": "2021-05-19T09:46:04.415Z",
    "updatedAt": "2021-05-19T09:46:19.676Z",
    "correct": false,
    "question": {
      "__type": "Relation",
      "className": "Questions"
    }
  },
  {
    "objectId": "Hq82ZD70zd",
    "answer": "Hierro",
    "createdAt": "2021-05-19T09:47:08.858Z",
    "updatedAt": "2021-05-19T09:47:20.302Z",
    "correct": true,
    "question": {
      "__type": "Relation",
      "className": "Questions"
    }
  },
  {
    "objectId": "HUEwGFXFBQ",
    "answer": "Adamantium",
    "createdAt": "2021-05-19T09:47:28.494Z",
    "updatedAt": "2021-05-19T09:47:34.612Z",
    "correct": false,
    "question": {
      "__type": "Relation",
      "className": "Questions"
    }
  },
  {
    "objectId": "gVf8EhwF1p",
    "answer": "Cerámica",
    "createdAt": "2021-05-19T09:47:44.905Z",
    "updatedAt": "2021-05-19T09:47:55.855Z",
    "correct": false,
    "question": {
      "__type": "Relation",
      "className": "Questions"
    }
  },
  {
    "objectId": "1xaMsCPHR3",
    "answer": "471",
    "createdAt": "2021-05-19T09:49:43.151Z",
    "updatedAt": "2021-05-19T09:49:51.305Z",
    "correct": true,
    "question": {
      "__type": "Relation",
      "className": "Questions"
    }
  },
  {
    "objectId": "I2APFmLkWQ",
    "answer": "478",
    "createdAt": "2021-05-19T09:50:45.897Z",
    "updatedAt": "2021-05-19T09:50:57.418Z",
    "correct": false,
    "question": {
      "__type": "Relation",
      "className": "Questions"
    }
  },
  {
    "objectId": "aD717cCnzO",
    "answer": "501",
    "createdAt": "2021-05-19T09:51:12.373Z",
    "updatedAt": "2021-05-19T09:51:20.272Z",
    "correct": false,
    "question": {
      "__type": "Relation",
      "className": "Questions"
    }
  },
  {
    "objectId": "pQLkbfpS0W",
    "answer": "C++",
    "createdAt": "2021-05-19T09:54:33.155Z",
    "updatedAt": "2021-05-19T09:54:41.869Z",
    "correct": true,
    "question": {
      "__type": "Relation",
      "className": "Questions"
    }
  },
  {
    "objectId": "SjRhTu7Mhy",
    "answer": "C",
    "createdAt": "2021-05-19T09:54:52.144Z",
    "updatedAt": "2021-05-19T09:55:01.569Z",
    "correct": false,
    "question": {
      "__type": "Relation",
      "className": "Questions"
    }
  },
  {
    "objectId": "LyoVLXU4a0",
    "answer": "R",
    "createdAt": "2021-05-19T09:55:11.095Z",
    "updatedAt": "2021-05-19T09:55:23.920Z",
    "correct": false,
    "question": {
      "__type": "Relation",
      "className": "Questions"
    }
  },
  {
    "objectId": "BnVdKsCrM6",
    "answer": "20",
    "createdAt": "2021-05-19T09:59:10.771Z",
    "updatedAt": "2021-05-19T09:59:33.996Z",
    "correct": true,
    "question": {
      "__type": "Relation",
      "className": "Questions"
    }
  },
  {
    "objectId": "CfPehuGmBA",
    "answer": "21",
    "createdAt": "2021-05-19T09:59:51.912Z",
    "updatedAt": "2021-05-19T10:00:06.899Z",
    "correct": false,
    "question": {
      "__type": "Relation",
      "className": "Questions"
    }
  },
  {
    "objectId": "qsZaMRluHv",
    "answer": "25",
    "createdAt": "2021-05-19T10:00:22.375Z",
    "updatedAt": "2021-05-19T10:00:34.158Z",
    "correct": false,
    "question": {
      "__type": "Relation",
      "className": "Questions"
    }
  },
  {
    "objectId": "QAAvQbzFp8",
    "answer": "1500",
    "createdAt": "2021-05-19T10:06:08.287Z",
    "updatedAt": "2021-05-19T10:06:14.175Z",
    "correct": false,
    "question": {
      "__type": "Relation",
      "className": "Questions"
    }
  },
  {
    "objectId": "VKOyVIbTHN",
    "answer": "1600",
    "createdAt": "2021-05-19T10:06:30.614Z",
    "updatedAt": "2021-05-19T10:06:37.879Z",
    "correct": true,
    "question": {
      "__type": "Relation",
      "className": "Questions"
    }
  },
  {
    "objectId": "kVANwrRuHm",
    "answer": "1700",
    "createdAt": "2021-05-19T10:06:55.086Z",
    "updatedAt": "2021-05-19T10:07:03.277Z",
    "correct": false,
    "question": {
      "__type": "Relation",
      "className": "Questions"
    }
  },
  {
    "objectId": "04WQv7fPM0",
    "answer": "48",
    "createdAt": "2021-05-19T10:10:22.051Z",
    "updatedAt": "2021-05-19T10:10:32.250Z",
    "correct": true,
    "question": {
      "__type": "Relation",
      "className": "Questions"
    }
  },
  {
    "objectId": "mffRSqctF4",
    "answer": "8",
    "createdAt": "2021-05-19T10:10:40.891Z",
    "updatedAt": "2021-05-19T10:10:49.214Z",
    "correct": false,
    "question": {
      "__type": "Relation",
      "className": "Questions"
    }
  },
  {
    "objectId": "Ddz4zluRJW",
    "answer": "88",
    "createdAt": "2021-05-19T10:11:01.200Z",
    "updatedAt": "2021-05-19T10:11:11.213Z",
    "correct": false,
    "question": {
      "__type": "Relation",
      "className": "Questions"
    }
  }
]
}