{
"results" : [

  {
    "objectId": "606dde94bc37ca7ac0dda169",
    "owningId": "N5isvjtrRA",
    "relatedId": "fqnUHdjRTy"
  },
  {
    "objectId": "608d28bbbc37ca7ac0196fe8",
    "owningId": "XoIR5P9ZLt",
    "relatedId": "fqnUHdjRTy"
  },
  {
    "objectId": "6097b162d1d94e6986246c53",
    "owningId": "4SHpVeIdir",
    "relatedId": "hA0oAh1lHT"
  },
  {
    "objectId": "60a4cc94d1d94e69862df75e",
    "owningId": "sHSvdSK0Zt",
    "relatedId": "fqnUHdjRTy"
  },
  {
    "objectId": "60a4ce04d1d94e69862e9d6e",
    "owningId": "UaTBsBmBsi",
    "relatedId": "fqnUHdjRTy"
  },
  {
    "objectId": "60a4ceded1d94e69862f0c28",
    "owningId": "eXMseeh06r",
    "relatedId": "fqnUHdjRTy"
  },
  {
    "objectId": "60a4cf29d1d94e69862f2def",
    "owningId": "coqkBjyOOu",
    "relatedId": "hA0oAh1lHT"
  },
  {
    "objectId": "60a4cf7ed1d94e69862f52de",
    "owningId": "frTdw3CvlI",
    "relatedId": "g9CYtmkDC4"
  },
  {
    "objectId": "60a4cf8cd1d94e69862f596e",
    "owningId": "2C5IVvhFiG",
    "relatedId": "fqnUHdjRTy"
  },
  {
    "objectId": "60a4d03ed1d94e69862fa243",
    "owningId": "dH6JlNUCI9",
    "relatedId": "fqnUHdjRTy"
  },
  {
    "objectId": "60a4d066d1d94e69862fb5e6",
    "owningId": "biMh2uMFOR",
    "relatedId": "hA0oAh1lHT"
  },
  {
    "objectId": "60a4d075d1d94e69862fbe46",
    "owningId": "VgkuaIt9K2",
    "relatedId": "g9CYtmkDC4"
  },
  {
    "objectId": "60a4d0dad1d94e6986311a00",
    "owningId": "MLG9uOv6Mj",
    "relatedId": "fqnUHdjRTy"
  },
  {
    "objectId": "60a4d167d1d94e6986317b8d",
    "owningId": "RZHlX2aBJf",
    "relatedId": "g9CYtmkDC4"
  },
  {
    "objectId": "60a4d17bd1d94e6986318b34",
    "owningId": "H1S5ATuPp0",
    "relatedId": "fqnUHdjRTy"
  },
  {
    "objectId": "60a4d18dd1d94e6986319801",
    "owningId": "Z071snckNp",
    "relatedId": "hA0oAh1lHT"
  },
  {
    "objectId": "60a4d234d1d94e698632173a",
    "owningId": "NqPAScMczy",
    "relatedId": "fqnUHdjRTy"
  },
  {
    "objectId": "60a4d249d1d94e698632270e",
    "owningId": "2SHEgNmTIM",
    "relatedId": "g9CYtmkDC4"
  },
  {
    "objectId": "60a4d2b7d1d94e69863272d5",
    "owningId": "1ayAWCjB0x",
    "relatedId": "hA0oAh1lHT"
  },
  {
    "objectId": "60a4d2f8d1d94e698632a00e",
    "owningId": "ULTuEdlFtc",
    "relatedId": "fqnUHdjRTy"
  },
  {
    "objectId": "60a4d367d1d94e698632ddae",
    "owningId": "IcerkNZy8N",
    "relatedId": "g9CYtmkDC4"
  },
  {
    "objectId": "60a4d38bd1d94e698632ec09",
    "owningId": "PbOyhJHng6",
    "relatedId": "fqnUHdjRTy"
  },
  {
    "objectId": "60a4d3bfd1d94e6986330d68",
    "owningId": "eXI4k8sn9C",
    "relatedId": "hA0oAh1lHT"
  },
  {
    "objectId": "60a4d3fbd1d94e6986332a1f",
    "owningId": "KOkcQ7y8Id",
    "relatedId": "fqnUHdjRTy"
  },
  {
    "objectId": "60a4d471d1d94e69863377b9",
    "owningId": "QDQ3x5Yy0z",
    "relatedId": "g9CYtmkDC4"
  },
  {
    "objectId": "60a4d495d1d94e6986338d99",
    "owningId": "Ocib2tseTx",
    "relatedId": "hA0oAh1lHT"
  },
  {
    "objectId": "60a4d4acd1d94e69863399bb",
    "owningId": "DHxHgwIfz4",
    "relatedId": "fqnUHdjRTy"
  },
  {
    "objectId": "60a4d526d1d94e698633d77c",
    "owningId": "kBkSXJGDKH",
    "relatedId": "hA0oAh1lHT"
  },
  {
    "objectId": "60a4d538d1d94e698633e109",
    "owningId": "mxRrGhkSwJ",
    "relatedId": "fqnUHdjRTy"
  },
  {
    "objectId": "60a4d549d1d94e698633ea19",
    "owningId": "b2EbnRgHdJ",
    "relatedId": "g9CYtmkDC4"
  },
  {
    "objectId": "60a4d5c4d1d94e69863430fe",
    "owningId": "hadSa7xCqb",
    "relatedId": "fqnUHdjRTy"
  },
  {
    "objectId": "60a4d5dad1d94e6986343d4a",
    "owningId": "DnerulKQXU",
    "relatedId": "g9CYtmkDC4"
  },
  {
    "objectId": "60a4d5f3d1d94e6986344b30",
    "owningId": "NAqFvFGoFo",
    "relatedId": "hA0oAh1lHT"
  },
  {
    "objectId": "60a4d679d1d94e69863491a2",
    "owningId": "GzQk7YjUKZ",
    "relatedId": "g9CYtmkDC4"
  },
  {
    "objectId": "60a4d682d1d94e69863495fc",
    "owningId": "q8JV0828we",
    "relatedId": "fqnUHdjRTy"
  },
  {
    "objectId": "60a4d6d2d1d94e698634c566",
    "owningId": "GQ4579cYEi",
    "relatedId": "hA0oAh1lHT"
  },
  {
    "objectId": "60a4d721d1d94e698634fc17",
    "owningId": "zY5MGQeRye",
    "relatedId": "g9CYtmkDC4"
  },
  {
    "objectId": "60a4d73ed1d94e6986350d0b",
    "owningId": "yHL5TIddyN",
    "relatedId": "fqnUHdjRTy"
  },
  {
    "objectId": "60a4d775d1d94e69863530f2",
    "owningId": "MOGSnrRpsE",
    "relatedId": "hA0oAh1lHT"
  },
  {
    "objectId": "60a4d7c0d1d94e6986355e5f",
    "owningId": "JOqpERcpTM",
    "relatedId": "g9CYtmkDC4"
  },
  {
    "objectId": "60a4d7d2d1d94e69863569a3",
    "owningId": "PVkRuoKTih",
    "relatedId": "fqnUHdjRTy"
  },
  {
    "objectId": "60a4d852d1d94e698635b5f4",
    "owningId": "7vp9m3RgZX",
    "relatedId": "fqnUHdjRTy"
  },
  {
    "objectId": "60a4d883d1d94e698635d096",
    "owningId": "DvTPJCQ5UK",
    "relatedId": "g9CYtmkDC4"
  },
  {
    "objectId": "60a4d8d5d1d94e6986360350",
    "owningId": "UtFUTmKs0v",
    "relatedId": "fqnUHdjRTy"
  },
  {
    "objectId": "60a4d908d1d94e6986361fa9",
    "owningId": "M76ayXr8Xf",
    "relatedId": "g9CYtmkDC4"
  },
  {
    "objectId": "60a4d910d1d94e698636245a",
    "owningId": "SJt702w3DU",
    "relatedId": "hA0oAh1lHT"
  },
  {
    "objectId": "60a4da3fd1d94e698636dc82",
    "owningId": "Eq36TLyGkx",
    "relatedId": "g9CYtmkDC4"
  },
  {
    "objectId": "60a4da54d1d94e698636e814",
    "owningId": "HC9p8SpGB5",
    "relatedId": "hA0oAh1lHT"
  },
  {
    "objectId": "60a4db33d1d94e6986377c5d",
    "owningId": "89cAFo06wv",
    "relatedId": "g9CYtmkDC4"
  },
  {
    "objectId": "60a4db55d1d94e69863795f5",
    "owningId": "VRYTNBEJ2A",
    "relatedId": "hA0oAh1lHT"
  },
  {
    "objectId": "60a4dc10d1d94e6986383223",
    "owningId": "qqDLLjwooi",
    "relatedId": "g9CYtmkDC4"
  },
  {
    "objectId": "60a4dcc3d1d94e698638c6bc",
    "owningId": "HCfCehyFKq",
    "relatedId": "g9CYtmkDC4"
  },
  {
    "objectId": "60a4dcd7d1d94e698638d55d",
    "owningId": "WsK2ReuBgM",
    "relatedId": "hA0oAh1lHT"
  },
  {
    "objectId": "60a4dd46d1d94e6986392f07",
    "owningId": "05ZHqBvpEE",
    "relatedId": "g9CYtmkDC4"
  },
  {
    "objectId": "60a4ddd2d1d94e69863994cb",
    "owningId": "lf6wB8AB32",
    "relatedId": "g9CYtmkDC4"
  },
  {
    "objectId": "60a4ddfed1d94e698639b71c",
    "owningId": "AYVvPwkpWD",
    "relatedId": "hA0oAh1lHT"
  },
  {
    "objectId": "60a4de7ed1d94e69863a1170",
    "owningId": "HlZobcIls1",
    "relatedId": "g9CYtmkDC4"
  },
  {
    "objectId": "60a4df1dd1d94e69863a83f4",
    "owningId": "G6AksbRamB",
    "relatedId": "hA0oAh1lHT"
  },
  {
    "objectId": "60a4e044d1d94e69863b4b5e",
    "owningId": "Kai2Inke96",
    "relatedId": "hA0oAh1lHT"
  },
  {
    "objectId": "60a4e153d1d94e69863c042f",
    "owningId": "pr2oAmqlQi",
    "relatedId": "hA0oAh1lHT"
  },
  {
    "objectId": "60a4e2fdd1d94e69863d46a5",
    "owningId": "DEsyYqcIBJ",
    "relatedId": "hA0oAh1lHT"
  },
  {
    "objectId": "60a4e400d1d94e69863dfdcc",
    "owningId": "GGhee7Tw4U",
    "relatedId": "hA0oAh1lHT"
  }
]
}