{
"results" : [

  {
    "objectId": "606ddd82bc37ca7ac0dd278c",
    "owningId": "kLFmr27sXC",
    "relatedId": "hl8iyxzgRi"
  },
  {
    "objectId": "606ed1e0bc37ca7ac0854b31",
    "owningId": "lrR8mQEUrd",
    "relatedId": "2TkXrfY48H"
  },
  {
    "objectId": "606f4fa8bc37ca7ac0d4b1a3",
    "owningId": "2yoHeWt9CA",
    "relatedId": "hl8iyxzgRi"
  },
  {
    "objectId": "607b4443bc37ca7ac0951500",
    "owningId": "eFntTKn5JZ",
    "relatedId": "hl8iyxzgRi"
  },
  {
    "objectId": "60a2c1b1d1d94e69862c102e",
    "owningId": "KcNizrO8MA",
    "relatedId": "QzPBqcOYVE"
  },
  {
    "objectId": "60a573bad1d94e69867da307",
    "owningId": "trv9pzcBn1",
    "relatedId": "hl8iyxzgRi"
  },
  {
    "objectId": "60a578a0d1d94e69867eec20",
    "owningId": "98rSQ3NRBv",
    "relatedId": "hl8iyxzgRi"
  },
  {
    "objectId": "60a578bfd1d94e69867ef539",
    "owningId": "5znqtwUcWu",
    "relatedId": "hl8iyxzgRi"
  },
  {
    "objectId": "60a578cdd1d94e69867ef9d3",
    "owningId": "L54fwwI7fC",
    "relatedId": "hl8iyxzgRi"
  },
  {
    "objectId": "60a578dfd1d94e69867efee4",
    "owningId": "goy5A2rF4e",
    "relatedId": "hl8iyxzgRi"
  }
]
}