{
"results" : [

  {
    "objectId": "kLFmr27sXC",
    "score": 20,
    "createdAt": "2021-04-07T16:24:08.467Z",
    "updatedAt": "2021-05-17T19:58:19.487Z",
    "average_time": 2,
    "category": "Novato",
    "user_id": {
      "__type": "Relation",
      "className": "Users"
    }
  },
  {
    "objectId": "lrR8mQEUrd",
    "score": 25,
    "createdAt": "2021-04-08T09:49:52.323Z",
    "updatedAt": "2021-05-17T19:58:16.470Z",
    "category": "Novato",
    "average_time": 1.2,
    "user_id": {
      "__type": "Relation",
      "className": "Users"
    }
  },
  {
    "objectId": "2yoHeWt9CA",
    "score": 50,
    "createdAt": "2021-04-08T18:46:40.511Z",
    "updatedAt": "2021-05-17T19:58:27.742Z",
    "category": "Hacker",
    "average_time": 1.7,
    "user_id": {
      "__type": "Relation",
      "className": "Users"
    }
  },
  {
    "objectId": "eFntTKn5JZ",
    "score": 20,
    "createdAt": "2021-04-17T20:25:13.458Z",
    "updatedAt": "2021-05-17T19:58:21.358Z",
    "average_time": 1.8,
    "category": "Novato",
    "user_id": {
      "__type": "Relation",
      "className": "Users"
    }
  },
  {
    "objectId": "KcNizrO8MA",
    "score": 28,
    "createdAt": "2021-05-17T19:19:03.793Z",
    "updatedAt": "2021-05-17T19:58:23.691Z",
    "average_time": 1.3,
    "category": "Novato",
    "user_id": {
      "__type": "Relation",
      "className": "Users"
    }
  },
  {
    "objectId": "trv9pzcBn1",
    "score": 1,
    "createdAt": "2021-05-19T20:23:12.995Z",
    "updatedAt": "2021-05-19T20:23:22.257Z",
    "category": "Viciado",
    "average_time": 1,
    "user_id": {
      "__type": "Relation",
      "className": "Users"
    }
  },
  {
    "objectId": "98rSQ3NRBv",
    "score": 2,
    "createdAt": "2021-05-19T20:44:04.766Z",
    "updatedAt": "2021-05-19T20:44:16.021Z",
    "category": "Viciado",
    "average_time": 1,
    "user_id": {
      "__type": "Relation",
      "className": "Users"
    }
  },
  {
    "objectId": "5znqtwUcWu",
    "score": 3,
    "createdAt": "2021-05-19T20:44:40.020Z",
    "updatedAt": "2021-05-19T20:44:47.901Z",
    "category": "Viciado",
    "average_time": 1,
    "user_id": {
      "__type": "Relation",
      "className": "Users"
    }
  },
  {
    "objectId": "L54fwwI7fC",
    "category": "Hacker",
    "createdAt": "2021-05-19T20:44:55.554Z",
    "updatedAt": "2021-05-19T20:45:05.635Z",
    "score": 22,
    "average_time": 1,
    "user_id": {
      "__type": "Relation",
      "className": "Users"
    }
  },
  {
    "objectId": "goy5A2rF4e",
    "score": 5,
    "createdAt": "2021-05-19T20:45:09.526Z",
    "updatedAt": "2021-05-19T20:45:19.794Z",
    "category": "Hacker",
    "average_time": 2,
    "user_id": {
      "__type": "Relation",
      "className": "Users"
    }
  }
]
}